v0,v1,v2,v3,v4,v5,v6,v7,v8,v9,v10,v11,v12,v13,v14,v15,v16,v17,v18,v19,v20,v21,v22,v23,v24,v25,v26,v27,v28,v29,v30,v31,v32,v33,v34,v35,v36,v37,v38,v39,v40,v41,v42,v43,v44,v45,v46,v47,v48,v49,v50,v51,v52,v53,v54,v55,v56,v57,v58,v59,v60,v61,v62,v63,v64,v65,v66,v67,v68,v69,v70,v71,v72,v73,v74,v75,v76,v77,v78,v79,v80,v81,v82,v83,v84,v85,v86,v87,v88,v89,v90,v91,v92,v93,v94,v95,v96,v97,v98,v99,v100,v101,v102,v103,v104,v105,v106,v107,v108
56,0,0,0,0,0,0,0,0,0,0,0,0,1,1,0,0,0,0,0,0,0,1,0,0,0,0,0,0,0,0,0,0,0,0,0,0,0,0,0,0,0,0,0,0,0,0,0,0,0,0,0,0,0,0,0,0,2,0,0,0,3,0,0,0,0,0,1,0,0,1,1,0,0,0,0,0,0,0,1,0,1,1,0,2,0,1,0,0,0,4,0,0,0,0,0,0,0,1,0,0,0,0,0,0,0,0,0,1
19,0,1,1,1,1,1,1,0,0,0,0,2,0,0,0,0,0,0,0,0,0,1,0,0,0,0,0,0,0,0,0,0,0,0,0,0,0,0,0,1,1,0,0,0,0,0,0,0,0,0,0,0,0,8,0,0,1,0,0,0,3,0,0,0,0,0,1,0,0,0,0,0,0,0,0,0,0,0,1,0,1,1,0,0,0,0,0,0,0,4,0,0,0,0,0,0,0,1,4,1,2,5,1,2,3,3,0,1
27,0,1,1,1,1,1,1,1,0,0,1,0,0,0,2,2,3,0,0,0,0,1,0,0,0,0,1,0,2,2,2,0,0,0,0,0,0,0,0,1,4,0,0,0,0,3,0,0,0,0,0,0,0,2,0,0,1,2,0,1,1,1,0,0,0,0,1,0,1,0,0,0,0,0,0,0,0,0,1,0,1,1,1,3,0,1,0,0,0,2,1,0,0,0,0,0,0,1,4,1,1,0,0,1,3,3,1,0
8,0,1,1,1,1,1,1,0,0,0,0,0,0,0,0,0,0,0,0,0,0,1,1,1,1,1,1,0,3,1,1,0,0,1,0,0,0,0,0,2,1,0,0,0,0,0,1,0,0,3,2,1,1,2,0,0,0,2,0,1,1,5,0,1,0,0,2,0,0,1,1,0,0,0,0,0,0,0,1,0,1,2,0,1,0,1,0,0,0,3,1,0,0,0,0,0,5,1,4,1,1,0,0,2,2,3,1,1
32,0,0,0,0,0,0,0,0,0,0,0,0,0,0,0,3,3,0,0,0,0,0,0,0,0,1,0,0,0,1,2,1,0,0,0,0,0,0,0,0,0,0,0,0,0,0,0,0,0,1,2,1,2,0,0,0,0,0,0,0,6,0,0,1,0,0,0,0,0,0,0,0,0,0,0,0,0,0,1,0,1,1,2,1,0,1,0,0,0,1,0,0,0,0,0,0,2,1,0,0,0,0,0,0,0,0,1,1
39,0,0,0,0,0,0,0,0,0,0,0,0,0,0,0,0,0,0,0,0,0,0,0,0,0,0,0,0,0,0,0,0,0,0,0,0,0,0,0,0,0,0,0,0,0,0,0,0,0,0,0,0,0,0,0,0,1,0,0,0,1,0,0,0,0,0,1,0,0,3,1,0,0,0,1,0,0,0,1,0,1,1,0,2,0,1,0,0,0,3,0,0,0,0,1,0,0,1,0,0,0,0,0,0,0,0,0,1
15,0,1,1,1,1,1,1,1,0,0,2,1,1,0,0,0,0,0,0,0,0,1,0,0,1,1,1,0,0,0,0,0,0,0,0,0,0,0,0,1,5,0,2,0,0,0,0,0,0,3,2,1,1,8,0,0,0,2,0,1,1,5,0,1,0,0,2,0,1,1,1,0,0,0,0,0,0,0,1,0,1,3,0,2,0,1,0,0,0,2,1,0,0,0,0,0,5,1,3,2,2,5,1,1,2,3,1,0
23,0,1,1,1,1,1,1,1,0,0,0,0,1,0,0,0,0,0,0,0,0,1,1,1,0,1,1,0,1,0,0,0,0,0,0,0,0,0,0,1,4,0,0,0,0,0,0,0,0,3,2,1,1,8,0,0,1,1,0,1,1,4,1,1,2,0,1,0,0,1,1,0,0,0,0,0,0,0,1,0,2,1,0,3,0,1,0,1,0,4,1,0,0,0,0,0,5,1,3,1,2,5,1,2,1,3,1,1
13,0,1,2,1,1,1,1,0,0,0,0,0,0,0,0,0,0,0,0,0,0,1,0,0,0,0,0,0,0,0,0,0,0,0,0,0,0,0,0,2,1,0,0,0,0,0,0,0,0,0,0,0,0,8,0,0,0,0,0,0,3,0,0,0,0,0,0,0,0,0,0,0,0,0,0,0,0,0,1,0,1,1,0,1,0,1,0,0,0,2,0,0,0,0,0,0,0,1,4,1,2,4,1,1,3,3,0,0
35,0,1,1,1,1,1,1,0,0,0,0,0,0,0,0,0,0,0,0,0,0,1,0,0,0,1,1,0,1,0,0,0,0,0,0,0,0,0,0,2,3,0,0,0,0,0,0,0,0,3,2,1,1,6,0,0,0,1,0,1,1,5,0,1,0,0,1,0,0,0,0,0,0,0,0,0,0,0,1,0,1,3,0,3,0,1,0,0,0,1,1,0,0,0,1,0,5,1,1,1,2,7,1,3,1,2,1,1
27,0,0,0,0,0,0,0,0,0,0,0,0,0,0,0,2,2,0,0,0,0,1,0,0,0,0,1,0,1,1,2,0,0,0,0,0,0,0,0,0,0,0,0,0,0,3,0,0,0,0,0,0,0,0,0,0,2,2,0,1,1,2,0,0,0,0,1,0,1,1,1,0,0,0,0,0,0,0,1,0,1,1,1,1,0,1,0,0,0,3,1,0,0,0,0,0,0,1,0,0,0,0,0,0,0,0,1,1
43,0,0,0,0,0,0,0,0,0,0,0,0,2,0,0,0,0,0,0,0,0,1,0,0,0,1,0,0,1,0,0,0,0,0,0,0,0,1,1,0,0,0,0,0,0,0,0,0,0,3,2,1,1,0,0,0,2,0,0,0,4,0,0,3,0,0,0,0,1,1,1,0,0,0,0,0,0,0,1,0,1,1,0,3,0,0,0,0,0,2,0,0,0,0,1,1,5,1,0,0,0,0,0,0,0,0,1,1
49,0,0,0,0,0,0,0,0,0,0,0,0,4,0,0,0,0,0,0,0,0,1,0,0,0,0,1,0,0,0,0,0,0,0,0,0,0,0,0,0,0,0,0,0,0,0,0,0,0,0,0,0,0,0,0,0,3,2,0,3,1,5,0,0,0,0,1,0,1,0,0,0,0,0,0,0,0,0,1,0,1,1,0,0,0,1,0,0,0,2,4,0,0,0,1,1,0,1,0,0,0,0,0,0,0,0,1,1
27,0,0,0,0,0,0,0,0,0,0,0,0,0,0,1,2,3,0,0,0,0,1,0,0,0,1,1,0,2,2,2,0,0,0,0,0,0,0,0,0,0,0,0,1,0,3,0,0,0,1,2,2,1,0,0,0,0,2,0,2,1,4,0,1,0,0,1,0,1,0,0,1,0,0,0,0,0,0,1,0,1,1,1,3,0,1,0,0,0,3,1,0,0,0,0,0,2,1,0,0,0,0,0,0,0,0,1,0
48,0,0,0,0,0,0,0,0,0,0,0,0,0,0,0,0,0,0,0,0,0,1,0,0,0,0,1,0,0,0,0,0,0,0,1,0,0,0,0,0,0,0,0,0,0,0,0,0,0,0,0,0,0,0,0,0,3,3,0,1,3,1,0,0,0,0,0,0,1,0,0,0,0,0,0,0,0,0,1,0,1,1,0,3,0,1,0,0,1,1,3,0,0,0,0,1,0,1,0,0,0,0,0,0,0,0,1,1
35,0,1,1,1,1,1,1,1,0,0,0,0,0,0,0,0,0,0,0,0,0,1,0,0,0,1,1,0,0,0,0,0,0,0,0,0,0,0,0,4,1,0,0,0,0,0,0,0,0,3,2,1,6,6,0,0,0,2,0,1,1,5,0,1,0,0,1,0,0,0,0,0,0,0,0,0,0,0,1,0,1,1,0,3,0,1,0,0,0,2,1,0,0,0,1,0,5,1,2,1,1,0,0,2,1,2,1,0
56,0,0,0,0,0,0,0,0,0,0,1,0,0,1,0,0,0,0,0,0,0,1,0,0,0,0,0,0,0,0,0,0,0,0,0,0,0,0,0,0,0,0,0,0,0,0,0,0,0,0,0,0,0,0,0,0,1,0,0,0,5,0,0,0,0,0,0,0,1,1,1,0,0,0,0,0,0,0,1,0,1,1,0,3,0,1,0,0,0,3,0,0,0,0,0,0,0,1,0,0,0,0,0,0,0,0,0,1
27,0,0,0,0,0,0,0,0,0,0,1,0,0,0,0,2,2,0,0,0,0,1,0,0,1,1,0,0,2,2,2,0,0,0,0,0,0,0,0,0,0,0,0,0,0,2,0,0,0,1,2,2,1,0,0,0,1,0,0,0,1,0,0,1,0,0,1,0,0,0,0,0,0,0,0,0,0,0,1,0,1,1,1,0,0,1,0,0,0,3,0,0,0,0,0,0,4,1,0,0,0,0,0,0,0,0,1,1
41,0,0,0,0,0,0,0,0,0,0,0,1,0,0,0,0,0,0,0,0,0,0,0,0,0,0,1,0,0,0,0,0,0,0,0,0,0,1,1,0,0,0,0,0,0,0,0,0,0,0,0,0,0,0,0,0,2,2,0,1,1,5,0,0,0,0,0,0,0,1,1,0,0,0,0,0,0,0,1,0,1,4,0,3,0,1,0,0,0,4,1,0,0,0,1,0,0,1,0,0,0,0,0,0,0,0,1,0
39,0,0,0,0,0,0,0,0,0,1,0,0,0,0,0,0,0,0,0,0,0,1,0,0,0,0,1,0,0,0,0,0,0,0,0,0,0,1,1,0,0,0,0,0,0,0,0,0,0,0,0,0,0,0,0,0,2,2,0,2,1,3,0,0,0,0,0,0,0,1,1,0,0,0,1,0,0,0,1,0,1,1,0,0,0,1,0,0,0,4,1,0,0,0,1,0,0,4,0,0,0,0,0,0,0,0,1,0
35,0,1,1,1,1,1,1,0,0,0,0,0,0,0,0,0,0,0,0,0,0,0,0,0,0,1,1,0,0,0,0,0,0,0,0,0,0,0,0,4,1,0,0,0,0,0,0,0,0,3,2,1,1,7,0,0,0,2,0,1,1,5,0,1,0,0,0,0,1,0,0,0,0,0,0,0,0,0,1,0,1,3,0,3,0,0,0,0,0,1,1,0,0,0,1,0,5,1,1,1,1,0,0,3,1,2,1,1
32,0,0,0,0,0,0,0,0,0,0,0,0,0,0,2,3,3,0,0,0,0,1,0,0,0,1,1,0,0,1,1,1,0,0,0,0,0,0,0,0,0,0,0,0,0,0,0,0,0,1,2,2,1,0,0,0,1,2,0,1,1,2,0,1,0,0,0,0,0,1,1,2,0,0,0,0,0,0,1,0,1,1,1,3,0,1,0,0,0,2,1,0,0,0,0,0,4,1,0,0,0,0,0,0,0,0,1,0
5,0,1,1,2,2,1,1,0,0,1,0,0,0,0,0,0,0,0,0,0,0,1,0,0,0,0,0,0,1,1,1,0,0,0,0,0,0,0,0,3,1,0,0,0,0,0,0,0,0,0,0,0,0,2,1,0,0,0,0,0,2,0,0,0,0,0,0,0,0,0,0,0,0,0,0,0,0,0,1,0,1,1,0,1,0,1,0,0,0,3,0,0,0,0,0,0,0,1,3,1,1,0,0,2,3,2,0,0
35,0,1,1,1,1,1,1,0,0,0,0,0,0,0,0,0,0,0,0,0,0,0,0,0,0,0,1,0,0,0,0,0,0,0,0,0,0,0,0,4,1,0,0,0,0,0,0,0,0,0,0,0,0,4,0,0,0,2,0,1,1,5,0,0,0,0,1,0,0,0,0,0,0,0,0,0,0,0,1,0,1,3,0,3,0,1,0,0,0,1,1,0,0,0,1,0,0,1,1,1,1,0,0,2,1,1,1,1
43,0,0,0,0,0,0,0,1,0,0,0,0,0,0,0,0,0,0,0,0,0,1,0,0,0,1,1,0,0,1,1,0,0,0,0,0,0,1,1,0,0,0,0,0,0,0,0,0,0,3,2,1,1,0,0,0,3,2,0,1,1,5,0,4,0,0,0,0,0,0,0,0,0,0,0,0,0,0,1,0,1,1,1,2,0,1,0,0,0,2,1,0,0,0,1,1,5,1,0,0,0,0,0,0,0,0,1,0
49,0,0,0,0,0,0,0,0,0,0,0,0,2,0,0,0,0,0,0,0,0,0,0,0,0,1,1,0,0,0,0,0,0,0,0,0,0,0,0,0,0,0,0,0,0,0,0,0,0,3,2,1,1,0,0,0,3,2,0,3,1,5,0,1,0,0,0,0,1,0,0,0,0,0,0,0,0,0,1,0,1,1,0,2,0,1,0,0,0,2,4,0,0,0,1,1,5,1,0,0,0,0,0,0,0,0,1,1
29,0,0,0,0,0,0,0,0,0,0,1,0,1,0,1,2,3,0,0,0,0,1,0,0,0,1,1,0,3,1,2,0,0,0,0,0,0,0,0,0,0,0,0,0,0,5,0,0,0,3,2,1,1,0,0,0,2,2,0,2,1,2,0,1,0,0,0,0,1,0,0,0,0,0,0,0,0,0,1,0,1,1,1,1,0,1,0,1,0,1,1,0,0,0,0,0,5,1,0,0,0,0,0,0,0,0,1,0
5,0,1,1,1,1,1,1,1,0,0,0,0,0,0,0,0,0,0,0,0,0,0,0,0,0,0,0,0,1,0,0,0,0,0,0,0,0,0,0,3,1,0,0,0,0,0,0,0,0,0,0,0,0,2,0,0,0,0,0,0,3,0,0,0,0,0,0,0,0,0,0,0,0,0,0,0,0,0,1,0,1,1,0,1,0,1,0,0,0,4,0,0,0,0,0,0,0,1,3,1,1,0,0,2,2,3,0,1
44,0,0,0,0,0,0,0,0,0,0,0,0,2,0,0,0,0,0,0,0,0,0,0,0,0,1,0,0,0,0,0,0,0,0,0,0,0,1,1,0,0,0,0,0,0,0,0,0,0,1,2,3,1,0,0,0,3,0,0,0,1,0,0,4,0,0,1,0,0,1,1,0,0,0,0,0,0,0,1,0,1,1,0,0,0,1,0,0,0,1,0,0,0,0,1,1,4,1,0,0,0,0,0,0,0,0,1,1
43,0,0,0,0,0,0,0,0,0,0,3,0,0,0,0,0,0,0,0,0,0,0,0,0,0,1,0,0,0,0,0,0,0,0,0,0,0,0,0,0,0,0,0,0,0,0,0,0,0,2,2,1,3,0,0,0,3,0,0,0,3,0,0,3,0,0,0,0,1,1,1,0,0,0,0,0,0,0,1,0,1,1,0,0,0,1,0,0,0,2,0,0,0,0,1,1,1,1,0,0,0,0,0,0,0,0,1,1
27,0,1,1,1,1,1,1,0,0,0,0,0,0,0,2,2,2,0,0,0,0,1,0,0,0,1,1,0,3,2,2,0,0,0,0,0,0,0,0,1,5,0,0,0,0,3,0,0,0,1,2,2,2,2,0,0,1,2,0,1,1,5,0,1,0,0,1,0,1,1,1,1,0,0,0,0,0,0,1,0,1,1,2,3,0,2,0,0,0,3,1,0,0,0,0,0,4,1,4,1,2,4,1,2,1,3,1,0
38,0,0,0,0,0,0,0,0,1,0,1,0,0,0,0,0,0,0,0,0,0,0,0,0,0,1,1,0,0,0,0,0,0,0,0,0,0,0,0,0,0,0,0,0,0,0,0,0,0,1,2,2,1,0,0,0,1,2,0,2,1,3,0,1,0,0,0,0,1,0,0,0,1,0,0,0,0,0,1,0,1,1,0,2,0,1,0,0,0,4,1,0,0,0,1,0,3,1,0,0,0,0,0,0,0,0,1,1
54,0,1,1,1,1,1,1,0,0,0,0,0,0,0,0,0,0,0,0,0,0,0,0,0,0,1,1,0,0,0,0,0,0,0,0,0,0,0,0,1,5,0,0,0,0,0,0,1,0,3,2,1,1,8,0,0,3,3,0,1,1,1,0,4,0,0,0,0,1,2,1,0,0,0,0,0,0,0,1,0,1,1,0,3,0,1,0,0,0,1,4,0,0,0,0,1,5,1,4,1,1,0,0,1,2,3,1,0
61,0,1,2,1,1,1,2,1,0,0,0,0,0,0,0,0,0,0,0,0,0,0,0,0,0,0,0,0,0,0,0,0,0,0,0,0,0,1,1,1,4,0,0,0,0,0,0,0,0,0,0,0,0,2,0,0,0,0,0,0,2,0,0,0,0,0,1,0,0,2,1,0,0,0,0,0,0,0,1,0,1,1,0,2,0,1,0,0,0,3,0,0,0,0,0,0,0,1,4,2,1,0,0,2,1,3,0,0
43,0,0,0,0,0,0,0,0,0,0,0,0,2,0,0,0,0,0,0,0,0,0,0,0,0,1,0,0,0,0,0,0,0,0,0,0,0,0,0,0,0,0,0,0,0,0,0,0,0,3,2,1,1,0,1,0,3,0,0,0,1,0,0,4,0,0,0,0,1,0,0,0,0,0,0,0,0,0,1,0,1,1,0,0,0,2,0,0,0,2,0,0,0,0,1,1,5,1,0,0,0,0,0,0,0,0,1,1
19,0,1,1,1,1,1,1,0,0,0,0,1,1,0,0,0,0,0,0,0,0,1,0,0,0,0,0,0,0,1,1,0,0,0,0,0,0,0,0,1,1,0,0,0,0,0,0,0,0,0,0,0,0,8,0,0,0,0,0,0,1,0,0,0,0,0,1,0,1,1,1,0,0,0,0,0,0,0,1,0,1,1,0,0,0,1,0,0,0,3,0,0,0,0,0,0,0,1,4,1,2,5,1,1,1,3,0,1
43,0,0,0,0,0,0,0,0,0,0,0,0,0,0,0,0,0,0,0,0,0,0,0,0,0,1,0,0,1,0,0,0,0,0,0,0,0,0,0,0,0,0,0,0,0,0,0,0,0,3,2,1,1,0,1,0,2,0,0,0,2,0,0,4,0,0,1,0,0,0,0,0,0,0,0,0,0,0,1,0,1,4,0,3,0,1,0,0,0,2,0,0,0,0,1,1,5,1,0,0,0,0,0,0,0,0,1,1
27,0,0,0,0,0,0,0,1,0,0,2,0,0,0,1,3,3,0,0,0,0,1,0,0,0,1,0,0,3,2,2,0,0,0,0,0,0,0,0,0,0,0,0,0,0,3,0,0,0,1,2,2,1,0,0,0,1,0,0,0,3,0,0,1,0,0,1,0,0,0,0,0,0,0,0,0,0,0,1,0,1,1,2,1,0,1,0,0,0,3,0,0,0,0,0,0,4,1,0,0,0,0,0,0,0,0,1,0
5,0,1,1,1,1,1,1,0,0,0,0,0,0,0,0,0,0,0,0,0,0,0,0,0,0,0,0,0,0,0,0,0,0,0,0,0,0,0,0,2,2,0,0,0,0,0,0,0,0,0,0,0,0,3,1,0,0,0,0,0,1,0,0,0,0,0,1,0,0,1,1,0,0,0,0,0,0,0,1,0,1,2,0,0,0,1,0,0,0,3,0,0,0,0,0,0,0,1,3,1,1,0,0,3,2,2,0,1
27,0,0,0,0,0,0,0,0,0,0,1,0,0,0,2,2,2,0,0,0,0,1,0,0,1,0,1,0,3,2,2,0,0,0,0,0,0,0,0,0,0,0,0,0,0,3,0,0,0,0,0,0,0,0,0,0,1,2,0,2,1,1,0,0,0,0,0,0,1,1,1,0,0,0,0,0,0,0,1,0,1,1,1,0,0,0,0,0,0,3,1,0,0,0,0,0,0,1,0,0,0,0,0,0,0,0,1,0
27,0,1,1,1,1,1,1,0,0,0,1,0,0,0,1,3,2,0,0,0,0,2,0,0,0,0,1,0,3,2,2,0,0,0,0,0,0,0,0,1,5,0,0,0,0,3,0,0,0,0,0,0,0,8,0,0,1,2,0,1,1,2,0,0,0,0,1,0,0,1,1,0,0,0,0,0,0,0,1,0,1,2,1,3,0,0,0,0,0,4,1,0,0,0,0,0,0,1,4,1,2,5,1,3,3,3,1,0
30,0,0,0,0,0,0,0,0,0,0,0,0,0,0,2,2,2,0,0,0,0,0,2,0,1,0,1,0,0,1,1,0,0,0,0,0,0,0,0,0,0,0,0,0,0,0,0,0,0,0,0,0,0,0,0,0,0,2,0,1,1,5,0,0,0,0,1,0,0,1,1,0,0,0,0,0,0,0,1,0,1,1,1,0,0,1,0,0,0,2,1,0,0,0,0,0,0,1,0,0,0,0,0,0,0,0,1,1
27,0,0,0,0,0,0,0,0,0,0,1,0,0,0,1,2,2,0,0,0,0,1,0,0,0,1,1,0,1,1,2,0,0,0,0,0,0,0,0,0,0,0,0,0,0,3,0,0,0,1,2,2,3,0,0,0,1,2,0,1,1,1,0,1,0,0,1,0,2,0,0,0,0,0,0,0,0,0,1,0,1,1,1,1,0,1,0,0,0,3,1,0,0,0,0,0,3,1,0,0,0,0,0,0,0,0,1,0
33,0,0,0,0,0,0,0,0,0,0,0,0,1,0,0,3,4,0,0,0,0,0,0,0,0,0,1,0,0,0,0,0,0,0,0,0,0,0,0,0,0,0,0,0,0,0,0,0,0,0,0,0,0,0,0,0,2,2,0,1,1,2,0,0,0,0,0,0,0,0,0,4,0,0,0,0,0,0,1,0,1,1,2,3,0,1,0,0,0,1,1,0,0,0,0,0,0,1,0,0,0,0,0,0,0,0,1,1
21,0,1,1,1,1,1,1,0,1,0,0,0,0,0,0,0,0,0,0,0,0,1,2,3,1,0,0,0,2,0,0,0,0,0,0,0,0,0,0,2,2,0,0,0,0,0,0,0,0,0,0,0,0,2,0,0,0,0,0,0,5,0,1,0,0,0,0,0,0,1,1,0,0,0,0,0,0,0,1,0,1,1,0,0,0,1,0,0,0,2,0,0,0,0,0,0,0,1,3,1,2,5,1,1,2,3,0,1
25,0,0,0,0,0,0,0,0,1,0,0,0,0,0,0,1,1,0,0,0,0,0,1,0,1,1,1,0,1,0,0,0,0,0,0,0,0,0,0,0,0,0,0,3,1,0,0,0,0,1,2,2,3,0,0,0,1,2,0,1,1,2,0,1,0,0,0,0,0,2,1,0,0,0,0,0,0,0,1,0,1,1,0,2,0,2,0,0,0,3,1,0,0,0,1,0,5,1,0,0,0,0,0,0,0,0,1,1
27,0,0,0,0,0,0,0,0,0,0,0,0,0,0,1,2,3,0,0,0,0,1,0,0,0,0,0,0,2,1,2,0,0,0,0,0,0,0,0,0,0,0,0,0,0,2,0,0,0,0,0,0,0,0,0,0,1,0,0,0,6,0,0,0,0,0,1,0,1,1,1,0,0,0,0,0,0,0,1,0,1,1,0,1,0,2,0,0,0,3,0,0,0,0,1,0,0,1,0,0,0,0,0,0,0,0,0,0
36,0,1,1,1,1,1,1,0,0,0,0,0,0,0,0,0,0,0,0,0,0,0,0,0,0,0,1,0,0,0,0,0,0,0,0,0,0,0,0,1,2,0,0,0,0,0,0,0,0,0,0,0,0,5,1,0,2,2,0,1,2,5,0,0,0,0,0,0,2,1,1,0,0,0,0,0,0,0,1,0,1,1,0,0,0,0,0,0,0,1,1,0,0,0,1,0,0,1,2,1,1,0,0,3,1,2,1,1
27,0,0,0,0,0,0,0,0,0,0,2,0,0,0,1,2,2,0,0,0,0,1,0,0,0,1,1,0,1,1,2,0,0,0,0,0,0,0,0,0,0,0,0,0,0,3,0,0,0,1,2,2,1,0,0,0,1,2,0,2,1,2,0,1,0,0,1,0,1,0,0,0,0,0,0,0,0,0,1,0,1,2,1,2,0,1,0,0,0,2,1,0,0,0,0,0,4,1,0,0,0,0,0,0,0,0,1,1
30,0,0,0,0,0,0,0,0,0,0,0,1,0,0,1,2,2,0,0,0,0,2,2,0,1,1,0,0,1,0,0,0,0,0,0,0,0,0,0,0,0,0,1,0,0,0,0,0,0,1,2,2,2,0,0,0,0,0,0,0,6,0,0,1,0,0,1,0,0,0,0,0,0,0,0,0,0,0,1,0,1,1,1,0,0,2,0,0,0,2,0,0,0,0,0,0,1,1,0,0,0,0,0,0,0,0,1,1
27,0,1,1,1,1,1,1,0,1,0,2,0,0,0,1,2,2,0,0,0,0,2,0,0,0,1,0,0,3,2,2,0,0,0,0,0,0,0,0,1,5,0,1,0,0,3,0,0,0,1,2,2,1,2,0,0,1,0,0,0,0,0,0,1,0,0,1,0,0,1,2,0,0,0,0,0,0,0,1,0,1,1,1,3,0,1,0,0,0,3,0,0,0,0,0,0,2,1,4,1,2,5,1,2,2,3,1,1
5,0,1,1,1,1,2,1,1,0,0,0,0,0,0,0,0,0,0,0,0,0,1,1,1,0,0,1,0,1,0,0,0,0,0,0,0,0,0,0,3,1,0,0,0,0,0,0,0,0,0,0,0,0,2,0,0,0,2,0,1,1,5,0,0,0,0,0,0,0,0,0,0,0,0,0,0,0,0,1,0,1,2,0,1,0,1,0,0,0,4,1,0,0,0,0,0,0,1,3,2,2,6,1,1,2,3,1,0
14,0,1,1,1,1,1,1,1,1,0,2,1,0,0,0,0,0,0,0,0,0,0,0,0,1,1,1,0,0,0,0,0,0,0,0,0,0,0,0,1,2,0,2,0,0,0,0,0,0,3,2,1,1,2,0,0,0,2,0,2,1,5,0,1,0,0,1,0,1,0,0,0,0,0,0,0,0,0,1,0,1,1,0,1,0,1,0,0,0,3,1,0,0,0,0,0,5,1,4,1,2,4,1,2,2,3,1,0
5,0,1,1,1,1,1,1,0,0,0,0,0,0,0,0,0,0,0,0,0,0,1,0,0,0,0,0,0,1,0,0,0,0,0,0,0,0,0,0,3,1,0,0,0,0,0,0,0,0,0,0,0,0,8,0,0,1,0,0,0,6,0,0,0,0,0,0,0,0,1,1,0,0,0,0,0,0,0,1,0,1,1,0,1,0,1,0,0,0,4,0,0,0,0,0,0,0,1,2,2,1,0,0,1,3,3,0,1
23,0,1,1,1,1,1,1,0,0,0,1,0,0,0,0,0,0,0,0,0,0,1,1,1,0,1,1,0,0,0,0,0,0,0,0,0,0,0,0,1,2,0,1,0,0,0,0,0,0,1,2,3,1,8,0,0,1,2,0,2,1,4,1,1,2,0,1,0,0,1,1,0,0,0,0,0,0,0,1,0,1,1,0,2,0,1,0,0,0,3,1,0,0,0,0,0,3,1,3,1,1,0,0,1,3,3,1,0
58,0,0,0,0,0,0,0,0,0,0,0,0,0,0,0,0,0,0,0,0,0,0,0,0,0,0,1,0,1,0,0,0,0,0,0,0,0,0,0,0,0,0,0,0,0,0,0,0,0,0,0,0,0,0,0,0,1,4,0,3,1,3,0,0,0,0,1,0,0,4,1,0,0,0,0,0,0,0,1,0,1,1,0,3,0,1,0,0,0,1,1,0,0,0,0,0,0,1,0,0,0,0,0,0,0,0,1,1
35,0,1,1,1,1,1,1,0,0,0,0,0,0,0,0,0,0,0,0,0,0,0,0,0,0,1,1,0,0,0,0,0,0,0,0,0,0,0,0,3,2,0,0,0,0,0,0,0,0,2,1,1,2,6,1,0,0,2,0,1,1,5,0,1,0,0,0,0,1,0,0,0,0,0,0,0,0,0,1,0,1,3,0,3,0,1,0,0,0,1,1,0,0,0,1,0,1,1,1,1,1,0,0,3,1,2,1,0
27,0,0,0,0,0,0,0,0,0,0,0,0,0,0,1,2,2,0,0,0,0,2,0,0,0,1,1,0,2,2,2,0,0,0,0,0,0,0,0,0,0,0,0,0,0,3,0,0,0,1,2,2,1,0,0,0,1,2,0,1,2,2,0,1,0,0,1,0,1,1,1,1,0,0,0,0,0,0,1,0,1,1,1,1,0,1,0,0,0,3,1,0,0,0,0,0,4,1,0,0,0,0,0,0,0,0,1,0
48,0,0,0,0,0,0,0,0,0,0,0,0,0,0,0,0,0,0,0,0,0,0,0,0,0,0,1,0,0,0,0,0,0,0,1,0,0,0,0,0,0,0,0,0,0,0,0,0,0,0,0,0,0,0,0,0,3,3,0,1,4,1,0,0,0,0,0,0,1,1,1,0,0,0,0,0,0,0,1,0,1,1,0,3,0,1,0,0,1,1,4,0,0,0,0,1,0,1,0,0,0,0,0,0,0,0,1,1
43,0,0,0,0,0,0,0,0,0,0,0,0,2,0,0,0,0,0,0,0,0,0,0,0,0,1,1,0,0,1,2,0,0,0,0,0,0,0,0,0,0,0,0,0,0,0,0,0,0,3,2,1,1,0,0,0,3,2,0,1,1,5,0,4,0,0,1,0,1,0,0,0,0,0,0,0,0,0,1,0,1,1,0,2,0,1,0,0,0,2,1,0,0,0,1,1,5,1,0,0,0,0,0,0,0,0,1,0
34,0,1,1,1,1,1,1,0,0,0,0,0,0,0,0,0,0,0,0,0,0,1,0,0,0,1,1,0,1,0,0,0,0,0,0,0,0,0,0,4,1,0,0,0,0,0,0,0,0,3,2,1,1,1,0,0,0,2,0,1,1,5,0,1,0,0,0,0,1,1,1,0,0,0,0,0,0,0,1,0,1,1,0,3,0,1,0,0,0,4,1,0,0,0,1,0,5,1,1,1,2,7,1,3,1,1,1,1
36,0,1,1,1,1,1,1,0,0,0,0,0,0,0,0,0,0,0,0,0,0,1,0,0,0,1,1,0,0,0,0,0,0,0,0,0,0,0,0,1,3,0,0,0,0,0,0,0,0,3,2,1,1,5,0,0,2,2,0,1,1,5,0,1,0,0,0,0,2,0,0,0,0,0,0,0,0,0,1,0,1,1,0,3,0,0,0,0,0,1,2,0,0,0,1,0,5,1,1,1,1,0,0,3,2,3,1,1
34,0,1,1,1,1,1,1,0,0,0,0,0,0,0,0,0,0,0,0,0,0,0,0,0,0,1,1,0,0,0,0,0,0,0,0,0,0,0,0,4,1,0,0,0,0,0,0,0,0,3,2,1,1,2,1,0,0,2,0,1,1,5,0,1,0,0,1,0,1,1,1,0,0,0,0,0,0,0,1,0,1,3,0,3,0,1,0,0,0,3,1,0,0,0,1,0,5,1,1,1,1,0,0,3,2,1,1,0
39,0,0,0,0,0,0,0,0,1,0,0,0,0,0,0,0,0,0,0,0,0,0,0,0,0,1,0,0,0,0,0,0,0,0,0,0,0,1,1,0,0,0,0,0,0,0,0,0,0,1,2,2,1,0,0,0,0,0,0,0,4,0,0,1,0,0,0,0,1,2,1,0,0,0,1,0,0,0,1,0,1,2,0,2,0,1,0,0,0,4,0,0,0,0,1,0,3,1,0,0,0,0,0,0,0,0,1,0
43,0,0,0,0,0,0,0,0,0,0,0,0,0,0,0,0,0,0,0,0,0,1,0,0,0,1,0,0,0,0,0,0,0,0,0,0,0,0,0,0,0,0,0,0,0,0,0,0,0,3,2,1,1,0,0,0,2,0,0,0,3,0,0,4,0,0,1,0,1,0,0,0,0,0,0,0,0,0,1,0,1,1,0,0,0,1,0,0,0,2,0,0,0,0,1,1,5,1,0,0,0,0,0,0,0,0,1,0
0,0,1,1,1,1,2,1,2,0,0,0,0,0,0,0,0,0,0,0,0,0,0,0,0,0,0,0,0,0,0,0,0,0,0,0,0,0,1,1,3,1,0,0,0,0,0,0,0,0,0,0,0,0,8,0,0,0,0,0,0,3,0,0,0,0,0,0,0,0,2,1,0,0,0,0,0,0,0,1,0,1,1,0,1,0,1,0,0,0,4,0,0,0,0,0,0,0,1,3,1,2,7,1,2,3,3,0,0
43,0,0,0,0,0,0,0,0,0,0,0,0,0,0,0,0,0,0,0,0,0,1,0,0,0,1,1,0,0,0,0,0,0,0,0,0,0,0,0,0,0,0,0,0,0,0,0,0,0,3,2,1,1,0,0,0,3,2,0,1,1,5,0,4,0,0,1,0,1,0,0,0,0,0,0,0,0,0,1,0,1,1,0,1,0,1,0,0,0,2,2,0,0,0,1,1,5,1,0,0,0,0,0,0,0,0,1,1
30,0,0,0,0,0,0,0,0,0,0,0,0,0,0,0,2,2,0,0,0,0,1,0,0,0,1,1,0,1,0,0,0,0,0,0,0,0,1,1,0,0,0,0,0,0,0,0,0,0,1,2,2,1,0,0,0,1,2,0,2,1,5,0,1,0,0,1,0,0,1,1,0,0,0,0,0,0,0,1,0,1,1,1,1,0,1,0,0,0,2,1,0,0,0,0,0,4,1,0,0,0,0,0,0,0,0,1,1
56,0,1,1,1,1,1,1,0,0,0,0,0,1,1,0,0,0,0,0,0,0,1,0,0,0,0,0,0,0,0,0,0,0,0,0,0,0,0,0,2,2,0,0,0,0,0,0,0,0,0,0,0,0,2,0,0,2,0,0,0,1,0,0,0,0,0,0,0,0,1,1,0,0,0,0,0,0,0,1,0,1,1,0,2,0,0,0,0,0,3,0,0,0,0,0,0,0,1,4,1,2,4,1,1,2,3,0,0
34,0,1,1,1,1,1,1,0,0,0,0,0,0,0,0,0,0,0,0,0,0,1,0,0,1,0,1,0,0,0,0,0,0,0,0,0,0,0,0,4,1,0,0,0,0,0,0,0,0,0,0,0,0,1,0,0,0,2,0,1,1,5,0,0,0,0,0,0,1,0,0,0,0,0,0,0,0,0,1,0,1,1,0,3,0,0,0,0,0,4,1,0,0,0,1,0,0,1,1,1,1,0,0,2,1,2,1,1
34,0,1,1,1,1,1,1,0,0,0,0,0,0,0,0,0,0,0,0,0,0,0,0,0,0,1,0,0,0,1,1,0,0,0,0,0,0,0,0,2,2,0,0,0,0,0,0,0,0,3,2,1,1,2,0,0,0,0,0,0,2,0,0,1,0,0,0,0,0,1,1,0,0,0,0,0,0,0,1,0,1,1,0,1,0,1,0,0,0,4,0,0,0,0,1,0,5,1,1,1,1,0,0,3,1,2,1,0
43,0,0,0,0,0,0,0,0,0,0,0,0,0,0,0,0,0,0,0,0,0,0,0,0,0,1,0,0,0,0,0,0,0,0,0,0,0,1,1,0,0,1,0,0,0,0,0,0,0,3,2,1,7,0,0,0,3,0,0,0,6,0,0,4,0,0,0,0,1,0,0,0,0,0,0,0,0,0,1,0,1,2,0,3,0,1,0,0,0,2,0,1,0,0,1,1,5,1,0,0,0,0,0,0,0,0,1,0
34,0,1,1,1,1,1,1,0,0,0,0,0,1,0,0,0,0,0,0,0,0,1,0,0,0,1,1,0,0,0,0,0,0,0,0,0,0,0,0,4,1,0,0,0,0,0,0,0,0,3,2,1,1,1,0,0,0,2,0,1,1,5,0,1,0,0,0,0,1,0,0,0,0,0,0,0,0,0,1,0,1,3,0,3,0,1,0,0,0,4,1,0,0,0,1,0,5,1,1,1,1,0,0,2,1,1,1,1
35,0,1,1,1,1,1,1,0,0,0,0,0,1,0,0,0,0,0,0,0,0,1,0,0,0,1,1,0,1,1,1,0,0,0,0,0,0,0,0,4,1,0,0,0,0,0,0,0,0,3,2,1,1,7,0,0,0,2,0,1,1,5,0,2,0,0,1,0,0,0,0,0,0,0,0,0,0,0,1,0,1,1,0,2,0,1,0,0,0,1,1,0,0,0,1,0,5,1,1,1,1,0,0,3,1,1,1,0
44,0,0,0,0,0,0,0,0,0,0,2,0,3,0,0,0,0,0,0,0,0,1,0,0,0,1,0,0,0,0,0,0,0,0,0,0,0,0,0,0,0,0,0,0,0,0,0,0,0,1,4,3,1,0,0,0,3,0,0,0,5,0,0,3,0,0,0,0,1,1,1,0,0,0,0,0,0,0,1,0,1,1,0,1,0,1,0,0,0,1,0,0,0,0,1,1,3,1,0,0,0,0,0,0,0,0,1,0
34,0,1,1,1,1,1,1,0,1,0,0,0,0,0,0,0,0,0,0,0,0,0,0,0,0,1,1,0,0,0,0,0,0,0,0,0,0,0,0,4,1,0,0,0,0,0,0,0,0,3,2,1,1,2,0,0,0,2,0,1,1,5,0,1,0,0,0,0,2,0,0,0,0,0,0,0,0,0,1,0,1,3,0,3,0,1,0,0,0,4,1,0,0,0,1,0,5,1,1,1,2,7,1,3,2,1,1,1
45,0,1,1,1,1,1,1,0,0,0,0,0,0,0,0,0,0,0,0,0,0,1,0,0,1,1,0,0,1,0,0,0,0,0,1,0,0,0,0,1,5,0,0,0,0,0,0,0,0,1,2,2,1,2,0,0,2,0,0,0,6,0,0,1,0,0,0,0,1,0,0,0,0,0,0,0,0,0,1,0,1,1,0,3,0,1,0,2,1,3,0,0,0,0,0,0,4,1,4,1,2,5,1,2,2,3,1,0
36,0,1,1,1,1,1,1,0,0,0,0,0,0,0,0,0,0,0,0,0,0,1,0,0,0,1,1,0,0,0,0,0,0,0,0,0,0,0,0,3,3,0,0,0,0,0,0,0,0,3,2,1,1,5,0,0,0,2,0,1,1,2,0,2,0,0,0,0,0,1,1,0,0,0,0,0,0,0,1,0,1,1,0,3,0,1,0,0,0,1,2,0,0,0,1,1,5,1,1,1,1,0,0,1,1,1,1,0
8,0,1,1,1,1,1,1,0,0,0,0,0,0,0,0,0,0,0,0,0,0,1,2,1,1,1,1,0,2,1,1,0,0,1,0,0,0,0,0,2,2,0,0,0,0,0,2,0,0,3,2,1,1,2,0,0,0,2,0,1,1,5,0,1,0,0,1,0,0,0,0,0,0,0,0,0,0,0,1,0,1,1,0,3,0,1,0,0,0,3,2,0,0,0,0,0,5,1,4,1,2,5,1,2,2,3,1,1
25,0,0,0,0,0,0,0,0,0,0,0,0,1,0,0,1,1,0,0,0,0,0,2,0,1,1,1,0,0,0,0,0,0,0,0,0,0,0,0,0,0,0,0,3,1,0,0,0,0,1,2,2,1,0,0,0,0,2,0,1,1,2,0,1,0,0,0,0,0,0,0,0,0,1,0,0,0,0,1,0,2,2,0,2,0,1,0,0,0,4,1,0,0,0,1,0,4,1,0,0,0,0,0,0,0,0,1,0
56,0,1,1,1,1,1,1,0,0,0,0,0,0,1,0,0,0,0,0,0,0,1,0,0,0,0,0,0,0,0,0,0,0,0,0,0,0,0,0,1,3,0,0,0,0,0,0,0,0,0,0,0,0,2,0,0,2,0,0,0,2,0,0,0,0,0,0,0,0,0,0,0,0,0,0,0,0,0,1,0,1,1,0,2,0,1,0,0,0,3,0,0,0,0,0,0,0,1,4,1,2,5,1,1,3,3,0,1
30,0,0,0,0,0,0,0,0,0,0,0,0,0,0,1,2,3,0,0,0,0,1,2,0,1,0,1,0,0,0,0,0,0,0,0,0,0,0,0,0,0,0,0,0,0,0,0,0,0,0,0,0,0,0,0,0,1,2,0,1,1,2,0,0,0,0,1,0,0,1,1,0,0,0,0,0,0,0,1,0,1,1,1,2,0,1,0,0,0,3,1,0,0,0,1,0,0,1,0,0,0,0,0,0,0,0,1,0
38,0,0,0,0,0,0,0,0,0,0,0,0,0,0,0,0,0,0,0,0,0,1,0,0,0,1,1,0,0,0,0,0,0,0,0,0,0,0,0,0,0,0,0,0,0,0,0,0,0,1,2,2,1,0,0,0,3,2,0,2,1,3,0,1,0,0,0,0,1,1,1,0,1,0,0,0,0,0,1,0,1,1,0,2,0,1,0,0,0,3,1,0,0,0,1,0,3,1,0,0,0,0,0,0,0,0,1,1
49,0,0,0,0,0,0,0,0,0,0,0,0,4,0,0,0,0,0,0,0,0,0,0,0,0,0,1,0,0,0,0,0,0,0,0,0,0,0,0,0,0,0,0,0,0,0,0,0,0,0,0,0,0,0,0,0,3,2,0,1,1,5,0,0,0,0,1,0,1,3,1,0,0,0,0,0,0,0,1,0,1,4,0,3,0,1,0,0,0,2,4,0,0,0,1,1,0,1,0,0,0,0,0,0,0,0,1,1
43,0,0,0,0,0,0,0,0,0,0,0,0,0,0,0,0,0,0,0,0,0,0,0,0,0,1,1,0,0,0,0,0,0,0,0,0,0,0,0,0,0,0,0,0,0,0,0,0,0,3,2,1,1,0,1,0,3,2,0,1,1,5,0,3,0,0,0,0,1,0,0,0,0,0,0,0,0,0,1,0,1,1,0,1,0,1,0,0,0,2,2,0,0,0,1,1,5,1,0,0,0,0,0,0,0,0,1,1
49,0,0,0,0,0,0,0,0,0,0,0,0,3,0,0,0,0,0,0,0,0,0,0,0,0,0,1,0,0,0,0,0,0,0,0,0,0,0,0,0,0,1,0,0,0,0,0,0,0,0,0,0,0,0,0,0,3,2,0,1,1,5,0,0,0,0,0,0,1,1,1,0,0,0,0,0,0,0,1,0,1,1,0,1,0,1,0,0,0,2,4,0,1,1,1,1,0,1,0,0,0,0,0,0,0,0,1,1
27,0,1,1,1,1,1,1,0,0,0,1,0,0,0,2,2,3,0,0,0,0,1,0,0,0,0,1,0,2,1,2,0,0,0,0,0,0,0,0,1,5,0,0,0,0,3,0,0,0,0,0,0,0,2,1,0,1,2,0,1,1,2,0,0,0,0,1,0,2,1,1,1,0,0,0,0,0,0,1,0,1,1,1,3,0,1,0,0,0,3,1,0,0,0,0,0,0,1,4,1,2,5,1,1,3,3,1,0
43,0,0,0,0,0,0,0,0,0,0,0,0,0,0,0,0,0,0,0,0,0,0,0,0,0,1,0,0,0,1,1,0,0,0,0,0,0,0,0,0,0,0,0,0,0,0,0,0,0,3,2,1,1,0,0,0,3,0,0,0,5,0,0,3,0,0,0,0,1,2,1,0,0,0,0,0,0,0,1,0,1,1,0,2,0,1,0,0,0,2,0,0,0,0,1,1,5,1,0,0,0,0,0,0,0,0,1,1
34,0,1,1,1,1,1,1,0,0,0,0,0,0,0,0,0,0,0,0,0,0,0,0,0,0,1,1,0,0,0,0,0,0,0,0,0,0,0,0,2,3,0,0,0,0,0,0,0,0,2,2,1,3,2,0,0,2,2,0,1,1,5,0,1,0,0,0,0,0,0,0,0,0,0,0,0,0,0,1,0,1,3,0,3,0,1,0,0,0,3,1,0,0,0,1,0,1,1,1,1,1,0,0,2,1,2,1,1
22,1,0,0,0,0,0,0,0,0,0,1,0,0,0,0,0,0,0,0,0,0,0,1,0,1,0,0,0,1,0,0,0,0,2,0,0,0,0,0,0,0,0,0,0,0,0,1,0,0,0,0,0,0,0,0,0,0,0,0,0,2,0,0,0,0,0,0,0,0,0,0,0,0,0,0,0,0,0,1,0,1,2,0,2,0,1,0,0,0,3,0,0,0,0,0,0,0,1,0,0,0,0,0,0,0,0,0,0
34,0,1,1,1,1,1,1,0,0,0,0,0,0,0,0,0,0,0,0,0,0,1,0,0,0,1,1,0,0,0,0,0,0,0,0,0,0,0,0,3,3,0,0,0,0,0,0,0,0,3,2,1,1,2,0,0,0,2,0,1,1,5,0,1,0,0,0,0,0,1,1,0,0,0,0,0,0,0,1,0,1,4,0,3,0,1,0,0,0,4,1,0,0,0,1,0,5,1,1,1,2,7,1,3,1,2,1,0
30,0,1,1,1,1,1,1,0,0,0,0,0,0,0,1,2,2,0,0,0,0,1,2,1,1,1,1,0,1,0,0,0,0,0,0,0,0,0,0,1,5,0,0,0,0,0,0,0,0,1,2,2,1,2,0,0,1,2,0,1,2,2,0,1,0,0,1,0,2,1,1,0,0,0,0,0,0,0,1,0,1,2,1,3,0,2,0,0,1,3,1,0,0,0,0,0,4,1,4,1,2,5,1,2,2,3,1,1
35,0,1,1,1,1,1,1,0,0,0,0,0,0,0,0,0,0,0,0,0,0,0,0,0,0,1,1,0,0,0,0,0,0,0,0,0,0,0,0,4,1,0,0,0,0,0,0,0,0,3,2,1,1,8,0,0,0,2,0,1,1,2,0,1,0,0,1,0,0,1,1,0,0,0,0,0,0,0,1,0,1,3,0,3,0,1,0,0,0,1,1,0,0,0,1,0,5,1,1,1,1,0,0,2,1,1,1,1
8,0,1,1,1,1,1,1,1,0,0,0,1,0,0,0,0,0,0,0,0,0,1,1,1,1,1,1,0,2,1,1,0,0,2,0,0,0,0,0,1,4,0,0,0,0,0,1,0,0,3,2,1,1,2,0,0,0,2,0,1,1,4,0,1,0,0,1,0,0,1,1,0,0,0,0,0,0,0,1,0,1,1,0,2,0,1,0,0,0,4,2,0,0,0,0,0,5,1,4,1,2,5,1,1,2,3,1,1
43,0,0,0,0,0,0,0,0,0,0,0,0,0,0,0,0,0,0,0,0,0,0,0,0,0,1,1,0,0,0,0,0,0,0,0,0,0,0,0,0,0,0,0,0,0,0,0,0,0,2,2,1,3,0,0,0,3,2,0,1,1,5,0,3,0,0,0,0,1,0,0,0,0,0,0,0,0,0,1,0,1,1,0,3,0,1,0,0,0,2,1,0,0,0,1,1,1,1,0,0,0,0,0,0,0,0,1,1
2,0,0,0,0,0,0,0,0,0,0,0,0,0,0,0,0,0,0,0,0,0,0,1,0,0,1,1,0,0,0,0,0,0,0,0,0,0,0,0,0,0,0,0,0,0,0,0,0,0,1,2,3,2,0,0,0,0,2,0,3,1,5,0,1,1,0,0,0,0,1,5,0,0,0,0,0,0,0,1,0,1,1,0,2,0,1,0,0,0,3,1,0,0,0,0,0,1,1,0,0,0,0,0,0,0,0,1,0
27,0,0,0,0,0,0,0,2,0,0,2,0,0,0,1,2,2,0,0,0,0,1,0,0,0,0,1,0,2,1,2,0,0,0,0,0,0,0,0,0,0,0,0,0,0,3,0,0,0,0,0,0,0,0,0,0,1,2,0,1,1,2,0,0,0,0,1,0,2,2,1,0,0,0,0,0,0,0,1,0,1,1,2,3,0,0,0,0,0,3,1,0,0,0,0,0,0,1,0,0,0,0,0,0,0,0,1,0
27,0,1,1,1,1,1,1,0,0,0,0,0,1,0,0,2,2,0,0,0,0,1,0,0,0,1,1,0,2,1,2,0,0,0,0,0,0,0,0,1,5,0,0,0,0,3,0,0,0,1,2,2,3,2,0,0,1,2,0,1,1,2,0,1,0,0,1,0,0,0,0,0,0,0,0,0,0,0,1,0,1,1,2,3,0,1,0,0,0,3,2,0,0,0,1,0,4,1,4,1,1,0,0,1,2,3,1,0
45,0,0,0,0,0,0,0,0,0,0,0,0,1,0,0,0,0,0,0,0,0,1,0,0,1,1,1,1,0,2,1,0,0,0,1,0,0,0,0,0,0,0,0,0,0,0,0,0,1,1,2,2,2,0,0,0,3,2,1,1,3,4,0,1,0,0,1,0,1,0,0,0,0,0,0,0,0,0,1,1,1,3,0,0,0,1,0,2,0,3,1,0,0,0,0,0,4,1,0,0,0,0,0,0,0,0,1,1
27,0,1,1,1,1,1,1,0,0,0,0,0,1,0,1,2,2,0,0,0,0,1,0,0,0,1,1,0,1,1,2,0,0,0,0,0,0,0,0,1,5,0,0,0,0,2,0,0,0,1,2,2,1,2,0,0,1,2,0,2,1,4,0,1,0,0,1,0,0,0,0,0,0,0,0,0,0,0,1,0,1,1,1,3,0,1,0,0,0,3,1,0,0,0,1,0,4,1,4,1,2,5,1,1,1,3,1,1
49,0,0,0,0,0,0,0,0,0,0,3,0,4,0,0,0,0,0,0,0,0,0,0,0,0,0,1,0,0,0,0,0,0,0,0,0,0,0,0,0,0,0,1,0,0,0,0,0,0,0,0,0,0,0,0,0,3,2,0,3,1,5,0,0,0,0,1,0,2,1,1,0,0,0,0,0,0,0,1,0,1,1,0,2,0,1,0,0,0,2,3,0,0,0,1,1,0,1,0,0,0,0,0,0,0,0,1,0
61,0,1,2,1,1,1,1,0,0,0,0,0,0,0,0,0,0,0,0,0,0,1,1,1,1,0,0,0,0,0,0,0,0,0,0,0,0,1,1,1,2,0,0,0,0,0,0,0,0,0,0,0,0,2,1,0,0,0,0,0,0,0,2,0,0,0,0,0,0,2,1,0,0,0,0,0,0,0,1,0,1,1,0,0,0,1,0,0,0,3,0,0,0,0,0,0,0,1,4,1,1,0,0,1,1,3,0,1
36,0,1,1,1,1,1,1,0,0,0,0,0,1,0,0,0,0,0,0,0,0,0,0,0,0,1,0,0,1,0,0,0,0,0,0,0,0,0,0,1,3,0,0,0,0,0,0,0,0,3,2,1,1,5,0,0,1,0,0,0,1,0,0,2,0,0,1,0,1,0,0,0,0,0,0,0,0,0,1,0,1,1,0,2,0,1,0,0,0,2,0,0,0,0,1,0,5,1,1,1,1,0,0,3,3,1,1,0
27,0,0,0,0,0,0,0,0,0,0,0,0,0,0,2,2,3,0,0,0,0,1,0,0,0,1,1,0,3,1,2,0,0,0,1,0,0,0,0,0,0,0,0,0,0,2,0,0,0,1,2,2,1,0,0,0,1,2,0,1,1,2,0,1,0,0,0,0,0,0,0,0,0,0,0,0,0,0,1,0,1,1,1,2,0,1,0,0,0,3,1,0,0,0,0,0,4,1,0,0,0,0,0,0,0,0,1,1
8,0,0,0,0,0,0,0,1,1,1,1,0,0,0,0,0,0,0,0,0,0,1,2,0,1,0,1,0,2,2,1,0,0,2,0,0,0,0,0,0,0,0,2,0,0,0,1,0,0,0,0,0,0,0,1,0,0,2,0,3,1,5,0,0,0,0,1,0,0,1,1,0,0,0,0,0,0,0,1,0,1,1,0,1,0,1,0,0,0,3,1,0,0,0,0,0,0,1,0,0,0,0,0,0,0,0,1,0
5,0,1,1,1,1,1,1,0,0,0,0,0,0,0,0,0,0,0,0,0,0,1,0,0,0,0,1,0,0,0,0,0,0,0,0,0,0,0,0,3,1,0,0,0,0,0,0,0,0,0,0,0,0,8,0,0,0,2,0,1,1,4,0,0,0,0,0,0,0,0,0,0,0,0,0,0,0,0,1,0,1,3,0,1,0,1,0,0,0,4,1,0,0,0,0,0,0,1,2,1,2,6,1,1,2,3,1,1
5,0,1,1,1,1,1,1,0,0,0,0,0,0,0,0,0,0,0,0,0,0,0,0,0,0,0,0,0,1,1,1,0,0,0,0,0,0,0,0,3,1,0,0,0,0,0,0,0,0,0,0,0,0,2,0,0,0,0,0,0,2,0,0,0,0,0,1,0,0,0,0,0,0,0,0,0,0,0,1,0,1,2,0,1,0,1,0,0,0,3,0,0,0,0,0,0,0,1,3,1,1,0,0,2,2,3,0,1
19,0,1,1,1,1,1,1,0,0,0,0,1,0,0,0,0,0,0,0,0,0,0,0,0,0,0,0,0,0,0,0,0,0,0,0,0,0,0,0,1,1,0,0,0,0,0,0,0,0,0,0,0,0,8,0,0,0,0,0,0,3,0,0,0,0,0,0,0,0,0,0,0,0,0,0,0,0,0,1,0,1,3,0,0,0,1,0,0,0,3,0,0,0,0,0,0,0,1,4,2,2,7,1,1,3,3,0,1
8,0,1,1,1,1,1,1,1,0,0,1,0,0,0,0,0,0,0,0,0,0,0,1,1,1,1,1,0,2,1,1,0,0,2,0,0,0,0,0,1,2,0,1,0,0,0,1,0,0,3,2,1,1,8,0,0,0,2,0,1,1,5,0,1,0,0,1,0,0,0,0,0,0,0,0,0,0,0,1,0,1,1,0,0,0,1,0,0,0,3,2,0,0,0,0,0,2,1,4,1,2,4,1,2,2,3,1,0
43,0,0,0,0,0,0,0,0,0,0,0,0,1,0,0,0,0,0,0,0,0,0,0,0,0,1,0,0,0,0,0,0,0,0,0,0,0,0,0,0,0,0,0,0,0,0,0,0,0,3,2,1,1,0,0,0,3,0,0,0,6,0,0,3,0,0,0,0,1,1,1,0,0,0,0,0,0,0,1,0,1,2,0,3,0,1,0,0,0,2,0,0,0,0,1,1,5,1,0,0,0,0,0,0,0,0,1,1
49,0,0,0,0,0,0,0,0,0,0,0,0,4,0,0,0,0,0,0,0,0,0,0,0,0,1,1,0,0,0,0,0,0,0,0,0,0,0,0,0,0,0,0,0,0,0,0,0,0,3,2,1,1,0,0,0,2,2,0,3,2,5,0,1,0,0,0,0,2,0,0,0,0,0,0,0,0,0,1,0,1,3,0,3,0,1,0,0,0,2,3,0,0,0,1,1,5,1,0,0,0,0,0,0,0,0,1,1
43,0,0,0,0,0,0,0,0,0,0,0,0,2,0,0,0,0,0,0,0,0,0,0,0,0,1,0,0,1,0,0,0,0,0,0,0,0,1,1,0,0,0,0,0,0,0,0,0,0,3,2,1,1,0,0,0,3,0,0,0,4,0,0,4,0,0,0,0,1,1,1,0,0,0,0,0,0,0,1,0,1,2,0,2,0,1,0,0,0,2,0,0,0,0,1,1,5,1,0,0,0,0,0,0,0,0,1,0
39,0,0,0,0,0,0,0,0,0,0,0,0,1,0,0,0,0,0,0,0,0,0,0,0,0,1,0,0,0,0,0,0,0,0,0,0,0,1,1,0,0,0,0,0,0,0,0,0,0,1,4,2,1,0,0,0,1,0,0,0,0,0,0,1,0,0,0,0,0,3,1,0,0,0,1,0,0,0,1,0,1,1,0,1,0,1,0,0,0,4,0,0,0,0,1,0,4,4,0,0,0,0,0,0,0,0,1,0
43,0,0,0,0,0,0,0,0,0,0,0,0,4,0,0,0,0,0,0,0,0,0,0,0,0,1,1,0,0,0,0,0,0,0,0,0,0,0,0,0,0,0,0,0,0,0,0,0,0,3,2,1,1,0,0,0,3,2,0,1,1,5,0,4,0,0,0,0,2,1,1,0,0,0,0,0,0,0,1,0,1,1,1,0,0,1,0,0,0,2,1,0,0,0,1,1,5,1,0,0,0,0,0,0,0,0,1,0
56,0,1,1,1,1,1,1,0,0,0,0,0,0,1,0,0,0,0,0,0,0,0,0,0,0,0,0,0,0,0,0,0,0,0,0,0,0,0,0,1,3,0,0,0,0,0,0,0,0,0,0,0,0,2,0,0,1,0,0,0,3,0,0,0,0,0,1,0,0,0,0,0,0,0,0,0,0,0,1,0,1,1,0,2,0,1,0,0,0,3,0,0,0,0,0,0,0,1,4,1,2,5,1,1,2,3,0,0
43,0,0,0,0,0,0,0,0,0,0,0,0,0,0,0,0,0,0,0,0,0,1,0,0,0,1,0,0,0,1,1,0,0,0,0,0,0,0,0,0,0,0,0,0,0,0,0,0,0,2,2,1,2,0,0,0,3,0,0,0,3,0,0,3,0,0,1,0,1,2,1,0,0,0,0,0,0,0,1,0,1,1,0,3,0,1,0,0,0,2,0,0,0,0,1,1,1,1,0,0,0,0,0,0,0,0,1,1
53,0,1,1,1,1,1,1,3,3,0,0,2,0,0,0,0,0,0,0,0,0,0,0,0,1,1,1,0,0,0,0,0,0,0,1,0,0,0,0,1,4,0,0,0,0,0,0,0,0,1,1,1,4,4,0,0,3,2,0,1,5,5,0,4,0,0,0,0,1,2,1,0,0,0,0,0,0,0,1,0,1,5,0,2,0,1,0,1,1,3,4,0,0,0,0,1,5,1,4,1,2,5,1,1,3,3,1,0
43,0,0,0,0,0,0,0,0,0,0,0,0,0,0,0,0,0,0,0,0,0,1,0,0,0,1,0,0,0,2,1,0,0,0,0,0,0,0,0,0,0,0,0,0,0,0,0,0,0,3,2,1,2,0,1,0,2,0,0,0,5,0,0,3,0,0,1,0,2,2,1,0,0,0,0,0,0,0,1,0,2,1,0,2,0,1,0,0,0,2,0,0,0,0,1,1,5,1,0,0,0,0,0,0,0,0,1,0
35,0,1,1,1,1,1,1,0,0,0,0,0,0,0,0,0,0,0,0,0,0,1,0,0,0,1,1,0,0,0,0,0,0,0,0,0,0,0,0,4,1,0,0,0,0,0,0,0,0,3,2,1,1,7,0,0,1,2,0,1,1,5,0,1,0,0,0,0,1,1,1,0,0,0,0,0,0,0,1,0,1,3,0,2,0,1,0,0,0,1,1,0,0,0,1,0,5,1,1,1,1,0,0,2,1,1,1,0
38,0,0,0,0,0,0,0,0,0,0,0,0,0,0,0,0,0,0,0,0,0,1,0,0,0,1,1,0,0,0,0,0,0,0,0,0,0,0,0,0,0,0,0,0,0,0,0,0,0,3,2,1,1,0,0,0,1,2,0,2,1,3,0,1,0,0,1,0,0,0,0,0,1,0,0,0,0,0,1,0,1,1,0,3,0,1,0,0,0,3,1,0,0,0,1,0,5,1,0,0,0,0,0,0,0,0,1,1
29,0,0,0,0,0,0,0,0,0,0,2,0,1,0,0,2,2,0,0,0,0,1,0,0,0,0,0,0,3,1,2,0,0,0,1,0,0,0,0,0,0,0,0,0,0,5,0,0,0,0,0,0,0,0,0,0,1,0,0,0,5,0,0,0,0,0,1,0,2,0,0,1,0,0,0,0,0,0,1,0,1,1,2,1,0,1,0,0,0,1,0,0,0,0,1,0,0,1,0,0,0,0,0,0,0,0,0,1
28,0,0,0,0,0,0,0,0,0,0,0,0,0,0,0,2,2,0,0,0,0,1,0,0,0,1,1,0,2,0,0,0,0,0,1,0,0,0,0,0,0,0,0,0,0,3,0,0,0,1,2,2,1,0,0,0,0,2,0,1,1,2,0,1,0,0,1,0,1,0,0,0,0,0,0,0,0,0,1,0,1,2,1,3,0,0,0,0,0,3,1,0,0,0,1,0,2,1,0,0,0,0,0,0,0,0,1,1
27,0,0,0,0,0,0,0,0,0,0,2,0,0,0,0,2,2,0,0,0,0,1,0,0,0,0,1,0,1,1,2,0,0,0,0,0,0,0,0,0,0,0,0,0,0,4,0,0,0,0,0,0,0,0,0,0,1,2,0,2,1,4,0,0,0,0,0,0,1,0,0,0,0,0,0,0,0,0,1,0,1,2,1,1,0,1,0,0,0,3,1,0,0,0,0,0,0,1,0,0,0,0,0,0,0,0,1,0
11,0,1,1,1,1,1,1,2,1,2,1,0,0,0,0,0,0,0,0,0,0,0,1,1,1,0,0,0,1,0,0,0,1,1,0,0,0,0,0,1,3,0,0,0,0,0,1,0,0,0,0,0,0,2,1,0,1,0,0,0,2,0,0,0,0,0,0,0,0,2,1,0,0,0,0,0,0,0,1,0,1,1,0,1,0,1,0,0,0,2,0,0,0,0,0,0,0,1,4,1,2,5,1,1,2,3,0,1
62,0,0,0,0,0,0,0,0,0,0,0,0,0,0,0,0,0,0,0,0,0,1,0,0,1,1,1,0,0,0,0,0,0,0,1,0,0,0,0,0,0,0,0,0,0,0,0,0,0,1,2,2,2,0,1,0,2,2,0,2,1,5,0,4,0,0,0,0,1,0,0,0,0,0,0,0,0,0,1,0,1,4,0,0,0,1,0,1,1,1,1,0,0,0,0,1,4,1,0,0,0,0,0,0,0,0,1,1
50,0,0,0,0,0,0,0,0,0,0,0,0,1,0,0,0,0,0,0,0,0,0,0,0,0,1,0,0,0,0,0,0,0,0,0,0,0,0,0,0,0,0,0,0,0,0,0,0,0,1,2,2,3,0,0,0,3,0,0,0,0,0,0,4,0,0,1,0,1,0,0,0,0,0,0,0,0,0,1,0,1,1,0,2,0,1,0,0,0,1,0,0,0,0,0,1,4,1,0,0,0,0,0,0,0,0,1,1
39,0,0,0,0,0,0,0,0,0,0,0,0,0,0,0,0,0,0,0,0,0,0,0,0,0,0,0,0,0,0,0,0,0,0,0,0,0,0,0,0,0,0,0,0,0,0,0,0,0,0,0,0,0,0,0,0,0,0,0,0,0,0,0,0,0,0,1,0,0,1,1,0,0,0,0,0,0,0,1,0,1,1,0,2,0,1,0,0,0,4,0,0,0,0,1,0,0,1,0,0,0,0,0,0,0,0,0,1
42,0,0,0,0,0,0,0,0,0,0,0,0,0,0,0,0,0,0,0,0,0,1,0,0,0,1,1,0,0,0,0,0,0,0,0,0,0,1,1,0,0,0,0,0,0,0,0,0,0,3,2,1,1,0,0,0,2,2,0,1,1,5,0,1,0,0,1,0,0,0,0,0,0,0,0,0,0,0,1,0,1,1,0,2,0,1,0,1,0,3,1,0,0,0,1,0,5,1,0,0,0,0,0,0,0,0,1,0
35,0,1,1,1,1,1,1,0,0,0,0,0,0,0,0,0,0,0,0,0,0,1,0,0,0,1,1,0,0,0,0,0,0,0,0,0,0,0,0,3,3,0,0,0,0,0,0,0,0,3,2,1,1,7,0,0,2,2,0,1,1,5,0,1,0,0,0,0,0,0,0,0,0,0,0,0,0,0,1,0,1,1,0,2,0,1,0,0,0,2,2,0,0,0,1,0,5,1,2,1,1,0,0,3,1,3,1,1
43,0,0,0,0,0,0,0,0,0,0,0,0,0,0,0,0,0,0,0,0,0,0,0,0,0,1,0,0,0,1,1,0,0,0,0,0,0,0,0,0,0,0,0,0,0,0,0,0,0,3,2,1,1,0,0,0,3,0,0,0,0,0,0,4,0,0,1,0,0,0,0,0,0,0,0,0,0,0,1,0,1,1,2,3,0,1,0,0,0,2,0,0,0,0,1,1,5,1,0,0,0,0,0,0,0,0,1,0
49,0,0,0,0,0,0,0,0,0,0,0,0,4,0,0,0,0,0,0,0,0,0,0,0,0,0,1,0,0,0,0,0,0,0,0,0,0,0,0,0,0,1,0,0,0,0,0,0,0,0,0,0,0,0,0,0,3,2,0,3,1,5,0,0,0,0,1,0,1,1,1,0,0,0,0,0,0,0,1,0,1,1,0,0,0,1,0,0,0,2,3,0,1,1,1,1,0,1,0,0,0,0,0,0,0,0,1,0
42,0,0,0,0,0,0,0,0,0,0,1,0,0,0,0,0,0,0,0,0,0,0,0,0,0,1,1,0,0,0,0,0,0,0,0,0,0,0,0,0,0,0,0,0,0,0,0,0,0,3,2,1,1,0,0,0,2,2,0,1,1,5,0,1,0,0,1,0,0,1,1,0,0,0,0,0,0,0,1,0,1,1,0,2,0,1,0,1,0,4,1,0,0,0,1,0,5,1,0,0,0,0,0,0,0,0,1,0
35,0,1,1,1,1,1,1,1,1,0,0,0,0,0,0,0,0,0,0,0,0,1,0,0,0,1,1,0,0,0,0,0,0,0,0,0,0,0,0,4,1,0,0,0,0,0,0,0,0,2,2,1,2,7,1,0,0,2,0,1,1,5,0,1,0,0,0,0,0,1,1,0,0,0,0,0,0,0,1,0,1,4,0,2,0,1,0,0,0,2,2,0,0,0,1,0,1,1,1,1,1,0,0,3,1,2,1,1
43,0,0,0,0,0,0,0,0,0,0,0,0,0,0,0,0,0,0,0,0,0,1,0,0,0,1,1,0,1,0,0,0,0,0,0,0,0,1,1,0,0,0,0,0,0,0,0,0,0,3,2,1,1,0,0,0,3,2,0,1,1,5,0,4,0,0,0,0,1,0,0,0,0,0,0,0,0,0,1,0,1,2,0,1,0,1,0,0,0,1,2,0,0,0,1,1,5,1,0,0,0,0,0,0,0,0,1,1
43,0,0,0,0,0,0,0,0,0,0,0,0,3,0,0,0,0,0,0,0,0,1,0,0,0,1,1,0,0,1,1,0,0,0,0,0,0,0,0,0,0,0,0,0,0,0,0,0,0,3,2,1,1,0,0,0,3,2,0,1,3,5,0,3,0,0,0,0,1,1,1,0,0,0,0,0,0,0,1,0,1,1,0,0,0,1,0,0,0,2,1,0,0,0,1,1,5,1,0,0,0,0,0,0,0,0,1,1
27,0,0,0,0,0,0,0,0,0,0,0,0,0,0,0,2,2,0,0,0,0,1,0,0,0,1,1,0,2,2,2,0,0,0,0,0,0,0,0,0,0,0,0,0,0,2,0,0,0,1,2,2,2,0,0,0,1,2,0,1,1,1,0,1,0,0,1,0,1,1,1,0,0,0,0,0,0,0,1,0,1,1,1,0,0,1,0,0,0,2,1,0,0,0,0,0,4,1,0,0,0,0,0,0,0,0,1,1
43,0,0,0,0,0,0,0,0,0,0,0,0,0,0,0,0,0,0,0,0,0,0,1,0,0,1,1,0,1,1,1,0,0,0,0,0,0,0,0,0,0,0,0,0,0,0,0,0,0,3,2,1,2,0,0,0,3,2,0,1,1,5,0,4,0,0,0,0,1,1,1,0,0,0,0,0,0,0,1,0,1,1,0,1,0,1,0,1,0,2,1,0,0,0,1,1,2,1,0,0,0,0,0,0,0,0,1,0
39,0,0,0,0,0,0,0,0,0,0,0,0,0,0,0,0,0,0,0,0,0,0,0,0,0,0,0,0,0,0,0,0,0,0,0,0,0,0,0,0,0,0,0,0,0,0,0,0,0,0,0,0,0,0,0,0,0,0,0,0,0,0,0,0,0,0,1,0,0,3,1,0,0,0,1,0,0,0,1,0,1,1,0,0,0,1,0,0,0,4,0,0,0,0,1,0,0,1,0,0,0,0,0,0,0,0,0,0
13,0,1,2,1,1,1,1,0,0,0,0,0,0,0,0,0,0,0,0,0,0,0,0,0,0,0,0,0,0,0,0,0,0,0,0,0,0,0,0,2,1,0,0,0,0,0,0,0,0,0,0,0,0,2,0,0,0,0,0,0,4,0,0,0,0,0,1,0,0,0,0,0,0,0,0,0,0,0,1,0,1,1,0,1,0,0,0,0,0,4,0,0,0,0,0,0,0,1,3,1,2,3,1,2,3,3,0,1
30,0,0,0,0,0,0,0,0,0,0,0,0,1,0,1,2,2,0,0,0,0,1,2,0,0,0,1,0,2,0,0,0,0,0,0,0,0,0,0,0,0,0,0,1,0,0,0,0,0,0,0,0,0,0,0,0,1,2,0,1,1,1,0,0,0,0,1,0,0,1,1,0,0,0,0,0,0,0,1,0,1,1,1,3,0,2,0,0,0,2,1,0,0,0,1,0,0,1,0,0,0,0,0,0,0,0,1,1
43,0,0,0,0,0,0,0,2,0,0,0,0,0,0,0,0,0,0,0,0,0,0,0,0,0,1,0,0,0,0,0,0,0,0,0,0,0,0,0,0,0,0,0,0,0,0,0,0,0,3,2,1,7,0,0,0,2,0,0,0,5,0,0,3,0,0,0,0,2,2,1,0,0,0,0,0,0,0,1,0,1,1,0,3,0,1,0,1,0,2,0,0,0,0,1,1,5,1,0,0,0,0,0,0,0,0,1,1
16,0,1,1,1,1,1,1,1,0,0,0,0,0,0,0,0,0,0,0,0,0,0,0,0,0,0,0,0,2,1,1,0,0,0,0,0,0,0,0,2,4,0,0,0,0,0,0,0,0,0,0,0,0,8,0,0,0,0,0,0,5,0,0,0,0,0,0,0,0,2,1,0,0,0,0,0,0,0,1,0,1,1,0,2,0,1,0,0,0,2,0,0,0,0,0,0,0,1,3,1,2,5,1,1,3,3,0,1
35,0,1,1,1,1,1,1,0,0,0,0,0,0,0,0,0,0,0,0,0,0,1,0,0,0,1,1,0,0,0,0,0,0,0,0,0,0,0,0,4,1,0,0,0,0,0,0,0,0,3,2,1,2,7,0,0,0,2,0,1,1,5,0,1,0,0,0,0,1,0,0,0,0,0,0,0,0,0,1,0,1,3,0,2,0,1,0,0,0,3,1,0,0,0,1,0,2,1,1,1,1,0,0,3,1,3,1,1
43,0,0,0,0,0,0,0,0,0,0,0,0,4,0,0,0,0,0,0,0,0,1,0,0,0,1,0,0,0,0,0,0,0,0,0,0,0,0,0,0,0,0,0,0,0,0,0,0,0,3,2,1,1,0,1,0,3,0,0,0,4,0,0,4,0,0,1,0,1,1,1,0,0,0,0,0,0,0,1,0,1,3,2,3,0,0,0,0,0,2,0,0,0,0,1,1,5,1,0,0,0,0,0,0,0,0,1,0
11,0,0,0,0,0,0,0,0,0,1,1,0,1,0,0,0,0,0,0,0,0,0,2,0,1,0,0,0,1,0,0,0,1,1,0,0,0,0,0,0,0,0,1,0,0,0,0,0,0,0,0,0,0,0,1,0,0,0,0,0,1,0,0,0,0,0,0,0,0,1,1,0,0,0,0,0,0,0,1,0,1,1,0,2,0,1,0,0,0,4,0,0,0,0,0,0,0,1,0,0,0,0,0,0,0,0,0,0
34,0,1,1,1,1,1,1,0,0,0,3,0,0,0,0,0,0,0,0,0,0,0,0,0,0,1,0,0,1,0,0,0,0,0,0,0,0,0,0,4,1,0,0,0,0,0,0,0,0,3,2,1,1,1,1,0,0,0,0,0,4,0,0,1,0,0,0,0,2,1,1,0,0,0,0,0,0,0,1,0,1,3,0,3,0,1,0,0,0,3,0,0,0,0,1,0,5,1,1,1,1,0,0,3,1,2,1,0
12,0,1,1,1,1,1,1,0,0,3,0,0,0,0,0,0,0,0,0,0,0,1,2,1,1,0,0,0,0,0,0,0,0,2,0,0,0,0,0,1,1,0,0,0,0,0,1,0,0,0,0,0,0,2,0,0,0,0,0,0,2,0,0,0,0,0,1,0,0,1,1,0,0,0,0,0,0,0,1,0,1,1,0,0,0,1,0,0,0,2,0,0,0,0,0,0,0,1,4,1,2,5,1,3,1,3,0,0
34,0,1,1,1,1,1,1,0,1,0,0,0,0,0,0,0,0,0,0,0,0,1,0,0,0,1,1,0,1,0,0,0,0,0,0,0,0,0,0,4,1,0,0,0,0,0,0,0,0,3,2,1,2,2,0,0,2,2,0,1,1,5,0,1,0,0,1,0,0,1,1,0,0,0,0,0,0,0,1,0,1,3,0,3,0,1,0,0,0,4,1,0,0,0,1,0,5,1,1,1,1,0,0,3,1,2,1,1
43,0,0,0,0,0,0,0,0,1,1,0,0,0,0,0,0,0,0,0,0,0,0,0,0,0,1,1,0,1,1,1,0,0,0,0,0,0,0,0,0,0,0,0,0,0,0,0,0,0,3,2,1,1,0,0,0,2,2,0,1,1,5,0,3,0,0,0,0,1,0,0,0,0,0,0,0,0,0,1,0,1,1,0,3,0,1,0,0,0,2,2,0,0,0,1,1,5,1,0,0,0,0,0,0,0,0,1,1
38,0,0,0,0,0,0,0,0,0,0,1,1,0,0,0,0,0,0,0,0,0,0,0,0,0,1,1,0,0,0,0,0,0,0,0,0,0,1,1,0,0,0,0,0,0,0,0,0,0,1,2,2,1,0,0,0,0,2,0,2,1,3,0,1,0,0,0,0,1,0,0,0,1,0,0,0,0,0,1,0,1,1,0,1,0,1,0,0,0,4,2,0,0,0,1,0,3,1,0,0,0,0,0,0,0,0,1,1
43,0,0,0,0,0,0,0,0,0,0,0,0,0,0,0,0,0,0,0,0,0,1,0,0,0,1,0,0,0,0,0,0,0,0,0,0,0,1,1,0,0,0,0,0,0,0,0,0,0,3,2,1,1,0,0,0,3,0,0,0,4,0,0,3,0,0,0,0,1,1,1,0,0,0,0,0,0,0,1,0,1,1,0,0,0,1,0,1,0,2,0,0,0,0,1,1,5,1,0,0,0,0,0,0,0,0,1,0
27,0,1,1,1,1,1,1,0,0,0,2,0,1,0,1,2,3,0,0,0,0,1,0,0,0,1,1,0,3,2,2,0,0,0,0,0,0,0,0,1,5,0,0,0,0,3,0,0,0,1,2,2,1,2,1,0,1,2,0,2,1,2,0,1,0,0,1,0,1,1,1,0,0,0,0,0,0,0,1,0,1,1,2,3,0,2,0,0,0,3,1,0,0,0,0,0,2,1,4,1,2,5,1,1,3,3,1,1
46,0,0,0,0,0,0,0,1,0,0,0,0,0,0,0,0,0,0,0,0,0,1,0,0,1,1,1,2,0,0,0,0,0,0,1,0,0,0,0,0,0,0,0,0,0,0,0,0,1,3,2,2,1,0,0,0,3,2,0,2,1,4,0,1,0,0,0,0,2,2,1,0,0,0,0,0,0,0,1,2,2,4,0,3,0,3,0,1,1,3,1,0,0,0,0,0,5,1,0,0,0,0,0,0,0,0,1,1
43,0,0,0,0,0,0,0,0,0,0,0,0,0,0,0,0,0,0,0,0,0,0,0,0,0,1,0,0,1,0,0,0,0,0,0,0,0,0,0,0,0,0,0,0,0,0,0,0,0,3,2,1,1,0,0,0,2,0,0,0,5,0,0,3,0,0,1,0,2,0,0,0,0,0,0,0,0,0,1,0,1,2,0,3,0,1,0,0,0,2,0,0,0,0,1,1,5,1,0,0,0,0,0,0,0,0,1,0
30,0,0,0,0,0,0,0,0,0,0,0,0,0,0,0,2,2,0,0,0,0,1,2,0,1,0,0,0,0,0,0,0,0,0,0,0,0,0,0,0,0,0,0,1,0,0,0,0,0,0,0,0,0,0,0,0,1,0,0,0,1,0,0,0,0,0,1,0,1,1,1,0,0,0,0,0,0,0,1,0,1,1,1,2,0,1,0,0,0,3,0,0,0,0,0,0,0,1,0,0,0,0,0,0,0,0,0,0
43,0,0,0,0,0,0,0,0,0,0,0,0,4,0,0,0,0,0,0,0,0,0,0,0,0,1,0,0,0,1,1,0,0,0,0,0,0,1,1,0,0,0,0,0,0,0,0,0,0,3,2,1,3,0,0,0,3,0,0,0,5,0,0,3,0,0,0,0,0,1,1,0,0,0,0,0,0,0,1,0,1,1,0,2,0,1,0,0,0,2,0,0,0,0,1,1,5,1,0,0,0,0,0,0,0,0,1,1
34,0,1,1,1,1,1,1,1,1,0,0,0,0,0,0,0,0,0,0,0,0,1,0,0,0,1,0,0,1,0,0,0,0,0,0,0,0,0,0,3,3,0,0,0,0,0,0,0,0,3,2,1,1,2,1,0,0,0,0,0,6,0,0,1,0,0,1,0,1,1,3,0,0,0,0,0,0,0,1,0,1,2,0,2,0,1,0,0,0,4,0,0,0,0,1,0,5,1,1,1,1,0,0,3,1,2,1,0
61,0,1,2,1,1,2,1,1,0,0,0,0,0,0,0,0,0,0,0,0,0,0,0,0,1,0,0,0,0,0,0,0,0,0,0,0,0,1,1,1,2,0,0,0,0,0,0,0,0,0,0,0,0,8,0,0,0,0,0,0,4,0,2,0,0,0,0,0,0,3,1,0,0,0,0,0,0,0,1,0,1,1,0,0,0,0,0,0,0,2,0,0,0,0,0,0,0,1,4,1,1,0,0,2,1,3,0,1
8,0,1,1,1,1,1,1,0,0,0,0,0,0,0,0,0,0,0,0,0,0,1,1,1,1,0,1,0,1,2,1,0,0,1,0,0,0,0,0,2,3,0,0,0,0,0,1,0,0,0,0,0,0,4,0,0,0,2,0,1,1,5,0,0,0,0,1,0,0,1,1,0,0,0,0,0,0,0,1,0,1,1,0,1,0,1,0,0,0,4,1,0,0,0,0,0,0,1,3,1,1,0,0,2,2,3,1,1
27,0,1,1,1,1,1,1,0,0,0,0,0,0,0,3,2,3,0,0,0,0,1,0,0,0,0,0,0,3,2,2,1,0,0,0,0,0,0,0,1,5,0,0,0,0,3,0,0,0,0,0,0,0,2,0,0,1,0,0,0,1,0,0,0,0,0,1,0,2,2,1,0,0,0,0,0,0,0,1,0,1,1,1,3,0,1,0,0,0,3,0,0,0,0,0,0,0,1,4,1,2,5,1,1,2,3,0,0
27,0,0,0,0,0,0,0,0,0,0,1,0,0,0,0,2,2,0,0,0,0,0,0,0,1,1,1,0,3,1,2,0,0,0,0,0,0,0,0,0,0,0,0,0,0,4,0,0,0,1,2,2,1,0,1,0,1,2,0,1,1,2,0,1,0,0,1,0,0,0,0,0,0,0,0,0,0,0,1,0,1,1,0,3,0,1,0,0,0,3,1,0,0,0,0,0,2,1,0,0,0,0,0,0,0,0,1,1
35,0,1,1,1,1,1,1,0,0,0,0,0,0,0,0,0,0,0,0,0,0,0,0,0,0,1,1,0,0,0,0,0,0,0,0,0,0,0,0,4,1,0,0,0,0,0,0,0,0,2,2,1,2,8,0,0,0,2,0,1,1,3,0,1,0,0,0,0,2,0,0,0,0,0,0,0,0,0,1,0,1,3,0,2,0,1,0,0,0,1,1,0,0,0,1,0,1,1,1,1,1,0,0,3,1,1,1,0
52,0,1,1,1,1,1,1,0,0,0,0,0,0,0,1,3,2,0,0,0,0,0,0,0,0,1,1,0,1,0,0,0,0,0,0,0,0,0,0,1,2,0,0,0,0,0,0,0,0,1,2,3,1,2,0,0,3,2,0,3,1,4,0,2,0,0,0,0,0,1,5,0,0,0,0,0,0,0,1,0,1,1,2,3,0,1,0,0,0,1,1,0,0,0,0,0,4,1,4,1,2,5,1,1,3,3,1,0
4,0,1,1,1,1,1,1,2,2,0,0,1,0,0,0,0,0,0,0,0,0,0,1,1,1,0,1,0,0,0,0,0,0,0,0,0,0,0,0,1,5,0,0,0,0,0,0,0,0,0,0,0,0,2,0,0,0,2,0,1,1,5,0,0,0,0,0,0,0,2,1,0,0,0,0,0,0,0,1,0,1,1,0,3,0,2,0,0,0,2,1,0,0,0,0,0,0,1,4,1,2,5,1,2,1,2,1,1
33,0,0,0,0,0,0,0,0,0,0,0,0,1,0,0,3,4,0,0,0,0,0,0,0,0,1,1,0,0,0,0,0,0,0,0,0,0,0,0,0,0,0,0,0,0,0,0,0,0,2,2,1,2,0,0,0,0,2,0,1,1,2,0,1,0,0,1,0,0,0,0,4,0,0,0,0,0,0,1,0,1,3,3,3,0,1,0,0,1,2,1,0,0,0,0,0,1,1,0,0,0,0,0,0,0,0,1,0
43,0,0,0,0,0,0,0,0,0,0,0,0,2,0,0,0,0,0,0,0,0,1,0,0,0,1,1,0,0,0,0,0,0,0,0,0,0,1,1,0,0,0,0,0,0,0,0,0,0,3,2,1,1,0,0,0,3,2,0,1,1,5,0,4,0,0,1,0,1,0,0,0,0,0,0,0,0,0,1,0,1,2,0,0,0,1,0,0,0,2,1,0,0,0,1,1,5,1,0,0,0,0,0,0,0,0,1,1
13,0,1,2,1,1,1,1,1,1,0,0,0,0,0,0,0,0,0,0,0,0,0,0,0,0,0,0,0,1,0,0,0,0,0,0,0,0,0,0,2,1,0,0,0,0,0,0,0,0,0,0,0,0,2,0,0,0,0,0,0,5,0,0,0,0,0,0,0,0,1,1,0,0,0,0,0,0,0,1,0,1,2,0,1,0,1,0,0,0,4,0,0,0,0,0,0,0,1,3,1,2,4,1,3,2,3,0,0
43,0,0,0,0,0,0,0,0,0,0,0,0,0,0,0,0,0,0,0,0,0,0,0,0,0,1,0,0,0,0,0,0,0,0,0,0,0,1,1,0,0,0,0,0,0,0,0,0,0,3,2,1,1,0,0,0,3,0,0,0,1,0,0,4,0,0,1,0,1,0,0,0,0,0,0,0,0,0,1,0,1,1,0,0,0,0,0,0,0,2,0,0,0,0,1,1,5,1,0,0,0,0,0,0,0,0,1,1
27,0,0,0,0,0,0,0,1,0,0,2,0,0,0,1,2,3,0,0,0,0,1,0,0,0,1,1,0,1,2,2,0,0,0,0,0,0,0,0,0,0,0,0,1,0,2,0,0,0,1,2,2,3,0,0,0,2,2,0,1,1,2,0,1,0,0,0,0,0,1,1,0,0,0,0,0,0,0,1,0,1,1,1,2,0,1,0,0,0,3,1,0,0,0,0,0,5,1,0,0,0,0,0,0,0,0,1,1
46,0,0,0,0,0,0,0,0,0,0,0,0,0,0,0,0,0,0,0,0,0,2,0,0,1,1,0,2,0,0,0,0,0,0,1,0,0,0,0,0,0,0,0,0,0,0,0,0,1,3,2,2,1,0,0,0,3,0,0,0,1,0,0,1,0,0,0,0,1,2,1,0,0,0,0,0,0,0,1,2,2,3,0,1,0,2,0,0,1,3,0,0,0,0,0,0,2,1,0,0,0,0,0,0,0,0,1,0
27,0,0,0,0,0,0,0,0,0,0,0,0,0,0,0,3,3,0,0,0,0,1,0,0,0,1,0,0,1,2,2,0,0,0,0,0,0,0,0,0,0,0,1,0,0,3,0,0,0,1,2,2,6,0,0,0,0,0,0,0,4,0,0,1,0,0,1,0,0,1,1,0,0,0,0,0,0,0,1,0,1,1,1,0,0,1,0,0,0,3,0,0,0,0,0,0,4,1,0,0,0,0,0,0,0,0,1,0
43,0,0,0,0,0,0,0,0,0,0,0,0,2,0,0,0,0,0,0,0,0,0,0,0,0,1,1,0,0,0,0,0,0,0,0,0,0,0,0,0,0,0,0,0,0,0,0,0,0,3,2,1,1,0,0,0,2,2,0,1,1,5,0,4,0,0,1,0,0,1,1,0,0,0,0,0,0,0,1,0,1,1,0,3,0,1,0,0,0,2,1,0,0,0,1,1,5,1,0,0,0,0,0,0,0,0,1,1
43,0,0,0,0,0,0,0,0,0,0,0,0,1,0,0,0,0,0,0,0,0,0,0,0,0,1,0,0,0,0,0,0,0,0,0,0,0,0,0,0,0,0,0,0,0,0,0,0,0,3,2,1,1,0,0,0,2,0,0,0,0,0,0,3,0,0,0,0,1,0,0,0,0,0,0,0,0,0,1,0,1,1,0,1,0,0,0,0,0,2,0,0,0,0,1,1,5,1,0,0,0,0,0,0,0,0,1,1
30,0,0,0,0,0,0,0,0,0,0,0,0,0,0,0,2,2,0,0,0,0,2,1,0,1,0,1,0,0,0,0,0,0,0,0,0,0,0,0,0,0,0,0,0,0,0,0,0,0,0,0,0,0,0,0,0,1,2,0,1,1,4,0,0,0,0,1,0,0,1,1,0,0,0,0,0,0,0,1,0,1,1,1,2,0,1,0,0,0,3,1,0,0,0,0,0,0,1,0,0,0,0,0,0,0,0,1,1
13,0,1,2,1,1,1,1,0,0,0,0,0,0,0,0,0,0,0,0,0,0,1,0,0,0,0,0,0,0,0,0,0,0,0,0,0,0,0,0,2,1,0,0,0,0,0,0,0,0,0,0,0,0,2,0,0,0,0,0,0,2,0,0,0,0,0,0,0,0,0,0,0,0,0,0,0,0,0,1,0,1,1,0,1,0,1,0,0,0,4,0,0,0,0,0,0,0,1,4,1,2,4,1,2,2,3,0,1
43,0,0,0,0,0,0,0,0,0,0,0,0,4,0,0,0,0,0,0,0,0,1,0,0,0,1,0,0,0,0,0,0,0,0,0,0,0,1,1,0,0,0,0,0,0,0,0,0,0,3,2,1,1,0,0,0,3,0,0,0,4,0,0,4,0,0,1,0,2,0,0,0,0,0,0,0,0,0,1,0,1,1,0,2,0,1,0,1,0,2,0,0,0,0,1,1,5,1,0,0,0,0,0,0,0,0,1,0
49,0,0,0,0,0,0,0,0,0,0,2,0,4,0,0,0,0,0,0,0,0,1,0,0,0,1,1,0,0,0,0,0,0,0,0,0,0,1,1,0,0,0,0,0,0,0,0,0,0,3,2,1,1,0,0,0,3,2,0,3,1,5,0,1,0,0,0,0,0,0,0,0,0,0,0,0,0,0,1,0,1,2,0,2,0,1,0,0,0,2,3,0,0,0,1,1,5,1,0,0,0,0,0,0,0,0,1,1
43,0,0,0,0,0,0,0,0,0,0,0,0,1,0,0,0,0,0,0,0,0,1,0,0,0,1,0,0,0,0,0,0,0,0,0,0,0,0,0,0,0,0,0,0,0,0,0,0,0,3,2,1,1,0,0,0,3,0,0,0,6,0,0,4,0,0,1,0,1,0,0,0,0,0,0,0,0,0,1,0,1,4,0,0,0,1,0,0,0,2,0,0,0,0,1,1,5,1,0,0,0,0,0,0,0,0,1,0
40,0,1,2,1,1,1,1,0,0,0,0,0,0,0,0,0,0,0,0,0,0,1,0,0,0,0,0,0,0,0,0,0,0,0,0,0,0,0,0,1,4,0,0,0,0,0,0,0,0,0,0,0,0,2,0,0,1,0,0,0,3,0,0,0,0,0,1,0,1,0,0,0,0,0,0,0,0,0,1,0,1,3,0,3,0,1,0,0,0,4,0,0,0,0,1,0,0,1,2,2,2,2,1,2,3,3,0,0
5,0,1,1,1,1,1,1,0,0,0,0,0,0,0,0,0,0,0,0,0,0,0,0,0,0,0,0,0,0,0,0,0,0,0,0,0,0,0,0,2,1,0,0,0,0,0,0,0,0,0,0,0,0,8,0,0,0,0,0,0,1,0,0,0,0,0,0,0,0,1,1,0,0,0,0,0,0,0,1,0,1,1,0,1,0,1,0,0,0,3,0,0,0,0,0,0,0,1,4,2,2,5,1,1,3,3,0,1
48,0,0,0,0,0,0,0,0,0,0,0,0,0,0,0,0,0,0,0,0,0,1,0,0,0,0,1,0,0,0,0,0,0,0,1,0,0,0,0,0,0,0,0,0,0,0,0,0,0,0,0,0,0,0,0,0,2,3,0,1,3,1,0,0,0,0,0,0,1,1,1,0,0,0,0,0,0,0,1,0,1,1,0,3,0,1,0,0,1,1,4,0,0,0,0,1,0,1,0,0,0,0,0,0,0,0,1,1
43,0,0,0,0,0,0,0,0,0,0,2,0,0,0,0,0,0,0,0,0,0,0,0,0,0,1,0,0,0,0,0,0,0,0,0,0,0,0,0,0,0,0,1,0,0,0,0,0,0,3,2,1,1,0,0,0,3,0,0,0,5,0,0,3,0,0,0,0,1,1,1,0,0,0,0,0,0,0,1,0,1,1,0,1,0,0,0,0,0,2,0,0,0,0,1,1,5,1,0,0,0,0,0,0,0,0,1,0
34,0,1,1,1,1,1,1,0,0,0,0,0,0,0,0,0,0,0,0,0,0,1,0,0,0,1,0,0,1,0,0,0,0,0,0,0,0,0,0,4,1,0,0,0,0,0,0,0,0,3,2,1,1,2,0,0,0,0,0,0,0,0,0,1,0,0,0,0,0,0,0,0,0,0,0,0,0,0,1,0,1,4,0,3,0,1,0,0,0,4,0,0,0,0,1,0,2,1,1,1,1,0,0,2,1,2,1,0
19,0,1,1,1,1,1,1,0,0,0,0,2,0,0,0,0,0,0,0,0,0,1,1,1,0,0,0,0,0,0,0,0,0,0,0,0,0,0,0,1,1,0,0,0,0,0,0,0,0,0,0,0,0,2,0,0,0,0,0,0,4,0,0,0,0,0,1,0,0,0,0,0,0,0,0,0,0,0,1,0,1,1,0,0,0,1,0,0,0,3,0,0,0,0,0,0,0,1,4,1,2,5,1,1,3,3,0,1
49,0,0,0,0,0,0,0,0,0,0,0,0,4,0,0,0,0,0,0,0,0,0,0,0,0,0,1,0,0,0,0,0,0,1,0,0,0,0,0,0,0,0,0,0,0,0,0,0,0,0,0,0,0,0,0,0,3,2,0,3,1,5,0,0,0,0,1,0,2,0,0,0,0,0,0,0,0,0,1,0,1,2,0,3,0,1,0,0,0,2,4,0,0,0,1,1,0,1,0,0,0,0,0,0,0,0,1,1
25,0,0,0,0,0,0,0,0,0,0,0,0,0,0,0,1,1,0,0,0,0,1,1,0,1,1,1,0,0,0,0,0,0,0,0,0,0,0,0,0,0,0,0,3,1,0,0,0,0,1,2,2,1,0,0,0,1,2,0,1,1,4,0,1,0,0,0,0,0,1,1,0,0,0,0,0,0,0,1,0,1,2,0,2,0,1,0,0,0,3,1,0,0,0,0,0,2,1,0,0,0,0,0,0,0,0,1,1
27,0,0,0,0,0,0,0,0,0,0,0,0,0,0,1,2,2,0,0,0,0,0,1,0,0,0,0,0,2,1,2,0,0,0,0,0,0,0,0,0,0,0,0,0,0,3,0,0,0,0,0,0,0,0,0,0,1,0,0,0,5,0,0,0,0,0,1,0,2,0,0,0,0,0,0,0,0,0,1,0,1,1,2,0,0,1,0,0,0,3,0,0,0,0,0,0,0,1,0,0,0,0,0,0,0,0,0,0
34,0,1,1,1,1,1,1,0,1,0,0,0,0,0,0,0,0,0,0,0,0,0,0,0,0,0,1,0,0,0,0,0,0,0,0,0,0,0,0,2,2,0,0,0,0,0,0,0,0,0,0,0,0,1,0,0,2,2,0,1,1,5,0,0,0,0,0,0,1,0,0,0,0,0,0,0,0,0,1,0,1,1,0,1,0,0,0,0,0,3,1,0,0,0,1,0,0,1,1,1,1,0,0,2,1,2,1,1
54,0,1,1,1,1,1,1,0,0,0,0,0,0,0,0,0,0,0,0,0,0,0,0,0,0,1,1,0,0,0,0,0,0,0,0,0,0,0,0,1,2,0,0,0,0,0,0,1,0,3,2,1,1,2,0,0,3,3,0,1,1,1,0,4,0,0,1,0,0,0,0,0,0,0,0,0,0,0,1,0,1,1,0,0,0,1,0,0,0,1,4,0,0,0,0,1,5,1,4,1,2,6,1,2,3,3,1,1
46,0,0,0,0,0,0,0,0,1,0,0,0,1,0,0,0,0,0,0,0,0,1,0,0,1,1,0,3,0,0,0,0,0,0,1,0,0,0,0,0,0,1,0,0,0,0,0,0,1,1,2,3,1,0,0,0,3,0,0,0,3,0,0,1,0,0,0,0,1,2,1,0,0,0,0,0,0,0,1,2,2,1,0,2,0,2,0,0,1,3,0,1,0,1,0,0,4,1,0,0,0,0,0,0,0,0,1,0
0,0,1,1,1,1,2,1,0,1,0,0,0,0,0,0,0,0,0,0,0,0,0,0,0,0,0,0,0,0,0,0,0,0,0,0,0,0,1,1,2,2,0,0,0,0,0,0,0,0,0,0,0,0,6,0,0,0,0,0,0,2,0,1,0,0,0,0,0,0,1,1,0,0,0,0,0,0,0,1,0,1,1,0,2,0,1,0,0,0,4,0,0,0,0,0,0,0,1,4,1,1,0,0,1,3,3,0,1
8,0,1,1,1,1,1,1,1,0,0,0,1,1,0,0,0,0,0,0,0,0,1,1,1,1,1,1,0,2,1,1,0,0,1,0,0,0,0,0,1,2,0,1,0,0,0,1,0,0,1,2,2,1,2,0,0,0,2,0,1,1,5,0,1,0,0,1,0,0,1,1,0,0,0,0,0,0,0,1,0,1,1,0,2,0,1,0,0,0,2,1,0,0,0,0,0,3,1,4,1,1,0,0,3,3,3,1,0
43,0,0,0,0,0,0,0,0,0,0,0,0,0,0,0,0,0,0,0,0,0,1,0,0,0,1,1,0,0,0,0,0,0,0,0,0,0,0,0,0,0,0,0,0,0,0,0,0,0,3,2,1,1,0,0,0,2,2,0,1,2,2,0,3,0,0,0,0,1,2,1,0,0,0,0,0,0,0,1,0,1,1,0,1,0,1,0,0,0,2,1,0,0,0,1,1,5,1,0,0,0,0,0,0,0,0,1,0
16,0,1,1,1,1,1,1,0,0,0,0,0,0,0,0,0,0,0,0,0,0,0,0,0,0,0,0,0,1,2,1,0,0,0,0,0,0,0,0,2,4,0,0,0,0,0,0,0,0,0,0,0,0,8,0,0,0,0,0,0,4,0,0,0,0,0,1,0,0,2,1,0,0,0,0,0,0,0,1,0,1,1,0,2,0,1,0,0,0,3,0,0,0,0,0,0,0,1,3,1,1,0,0,1,1,3,0,0
35,0,1,1,1,1,1,1,0,0,0,0,0,0,0,0,0,0,0,0,0,0,1,0,0,0,1,1,0,0,0,0,0,0,0,0,0,0,0,0,4,1,0,0,0,0,0,0,0,0,3,2,1,1,7,0,0,3,2,0,1,1,5,0,2,0,0,0,0,2,0,0,0,0,0,0,0,0,0,1,0,1,1,0,3,0,1,0,0,0,2,1,0,0,0,1,0,5,1,1,1,1,0,0,3,1,2,1,0
52,0,1,1,1,1,1,1,0,0,0,0,0,1,0,0,3,2,0,0,0,0,0,0,0,0,1,1,0,1,0,0,0,0,0,0,0,0,0,0,1,5,0,0,0,0,0,0,0,0,1,2,3,1,2,0,0,3,2,0,3,1,4,0,4,0,0,0,0,1,2,1,0,0,0,0,0,0,0,1,0,1,1,2,3,0,0,0,0,0,1,1,0,0,0,0,1,4,1,4,1,2,6,1,2,2,3,1,0
13,0,1,2,1,1,1,1,0,0,0,0,0,0,0,0,0,0,0,0,0,0,1,0,0,0,0,0,0,0,0,0,0,0,0,0,0,0,0,0,2,1,0,0,0,0,0,0,0,0,0,0,0,0,2,0,0,1,0,0,0,2,0,0,0,0,0,1,0,0,0,0,0,0,0,0,0,0,0,1,0,1,2,0,1,0,1,0,0,0,3,0,0,0,0,0,0,0,1,3,1,2,4,1,1,3,3,0,1
43,0,0,0,0,0,0,0,0,0,0,0,0,0,0,0,0,0,0,0,0,0,1,1,0,0,1,1,0,0,0,0,0,0,0,0,0,0,0,0,0,0,0,0,0,0,0,0,0,0,3,2,1,1,0,0,0,3,2,0,1,1,5,0,3,0,0,0,0,1,1,1,0,0,0,0,0,0,0,1,0,1,1,0,0,0,1,0,0,0,2,2,0,0,0,1,1,5,1,0,0,0,0,0,0,0,0,1,0
56,0,1,1,1,1,1,1,0,0,0,0,0,1,1,0,0,0,0,0,0,0,0,0,0,0,0,0,0,0,0,0,0,0,0,0,0,0,0,0,1,2,0,0,0,0,0,0,0,0,0,0,0,0,2,0,0,2,0,0,0,1,0,0,0,0,0,0,0,0,0,0,0,0,0,0,0,0,0,1,0,1,1,0,0,0,1,0,0,0,2,0,0,0,0,0,0,0,1,4,1,2,4,1,2,3,3,0,0
35,0,1,1,1,1,1,1,0,0,0,0,0,0,0,0,0,0,0,0,0,0,1,0,0,0,1,1,0,0,0,0,0,0,0,0,0,0,0,0,3,2,0,0,0,0,0,0,0,0,3,2,1,3,8,0,0,0,2,0,1,1,5,0,1,0,0,0,0,0,0,0,0,0,0,0,0,0,0,1,0,1,3,0,1,0,1,0,0,0,1,2,0,0,0,1,0,5,1,1,1,1,0,0,3,2,1,1,1
