Burglary,Earthquake,Alarm,JohnCalls,MaryCalls
False,False,False,False,False
False,False,False,False,False
False,False,False,False,False
False,False,False,False,False
True,False,True,True,True
False,False,False,False,False
False,False,False,False,False
False,False,False,False,False
False,False,False,False,False
False,False,False,True,False
False,False,False,False,False
False,False,False,False,False
False,False,False,False,False
False,False,False,False,True
False,False,False,False,True
False,False,False,False,False
False,False,False,False,False
False,False,False,False,False
False,False,False,False,False
False,False,False,False,False
