1.79413832768214,80.5846071439306,2.32129371868869,2.12949929311769,26.5025120890645,-0.3792340703647,1.47358172688943,-0.0193867462451214,1.67586679385819,2.41557838078916,-0.131325864219017,1.4606136908537,-0.776782756532389,1.62326825316323,-0.259995831271775,0.507362180413854,0.932065023906905,-0.306147836664075,2.39347830093085,0.114315396478199,-0.189901547285248,1.79499191038975,-0.0376871076986546,1.51560147208802,2.23595373886147,1.38250002652257,2.5743926731439,1.74183101588053,1.1558523713536,0.130322225026089,1.68534776230663,1.26094428582087,1.780519236081,0.592453683788142,1.41798676236379,0.50577738408909,0.0335024655631062,7.18174492286898,4.19623908239246,0.0887259268968654,-0.754200311601901,0.839761734111964,0.242175438722399,0.583829249152461
2.39076070780331,85.1880455692359,1.54249879790025,2.15879716863357,27.427925048808,1.30050107544515,1.59749387823535,1.5931755730612,1.83186236476933,0.885913565336198,2.32499803781074,2.06559411346382,1.04060570534736,2.84806787220565,2.18847795449025,0.862939146624959,-0.974893920912673,-0.368018117446925,0.542669914246726,-0.204753955889769,0.519081258768629,1.86284040000959,-0.257583449666293,2.07215754551634,1.28505932071259,1.24059976180854,1.92980645545271,1.36150143209181,1.01946708480318,1.38771356473542,1.10914015901243,0.44290416641043,1.59927464678507,-1.19974179906632,0.193221084171213,0.578016854426648,0.569186681835811,7.99868423688605,4.21263596771642,-0.389410044689117,0.832021513857805,0.381795565988675,0.0180831509743958,-0.595577461642632
2.81149534768828,76.2488857895338,3.07765119356998,2.4815466263788,36.3225479698036,1.84723601738564,0.772634550795119,0.203693176758865,0.261343402869301,1.17737979890984,-0.384189109826541,2.36871608106414,0.135361289244175,1.20152588042601,3.05724706090479,0.22127499911133,0.280435155216559,0.309760630667787,1.26311013971733,0.237875817838691,-0.471589316114162,2.4017288168866,0.247832826149342,2.20932129527126,1.52983034836085,2.25481390586885,1.66082595577203,1.49880993145076,1.3160304901547,0.62662288723659,0.466188793748713,1.50445037217974,1.87573842834448,0.184968484823533,1.27832359399978,0.374003000605361,0.0709473822796203,7.01135501342793,4.28540575248415,1.01186972425552,0.757565362055322,-0.772135061620637,0.0887953885518382,0.680594317000048
2.22892163737751,79.9932050804327,1.27540824936577,2.90605925346523,30.2740093014935,1.17351501662378,0.36892335929747,2.23912736757278,0.475418676617036,0.354573786606878,1.67833389074833,0.933923758927283,-0.323444712746893,2.17855814431283,3.04832785845052,1.47664922308264,-0.0914809514446041,0.22400754927347,2.61788377333001,1.38236109965785,0.720549175384619,2.55119029041357,-0.131312044130709,0.356582784814544,1.37381796657551,0.166800367153843,0.899549790231881,1.29337322895688,-0.210950831872525,-0.0747682005811158,0.992867402457727,2.67047482828129,1.45916460734488,-0.724568575571836,2.67156593796462,-1.05973077461546,0.143316239384312,6.62632472764924,3.53867993250534,-0.852088341944687,0.607980819819962,0.468189747449041,0.126473828372356,0.787013734447952
2.8343760616485,73.9606296824445,2.31013958638125,2.26375609577361,26.8086459489975,1.57838869531921,3.36814145735118,2.80754638079865,0.375696441336855,0.076170022929906,1.04141334070618,1.57229844834665,0.681027773023749,0.760513338459555,0.00422822841753989,1.22577951174904,0.108775841418528,0.332990715486825,1.52886456744761,0.73733768050835,0.638206672228227,-1.00863986832826,-0.176295407785051,2.28409838508879,2.2952488085418,0.249383222390728,1.44292123446779,1.78118747287918,0.552518828756334,-0.37779855514755,-0.45044787212307,1.24205091669192,0.694765387028886,0.611969762998565,0.98919129671244,0.310985075717098,0.141302174070818,6.87993430141759,4.89494778620127,0.710826852483934,1.5158569545659,-0.178800343946629,0.388448516482263,-1.28548790129274
1.89679990730636,73.6831996930667,2.2670898196901,2.9520578216847,25.6866303325169,-0.0864008830489795,1.34682959329688,1.04710801957989,0.462079212478956,3.33516882272705,-0.254889743767888,2.64982039566483,0.563660673162202,0.893068669466228,1.82782141297251,1.84515783456364,-0.111758555711275,1.40639964362395,0.726544919621546,-0.105833855172043,-0.0819175935765019,1.77921005215521,0.0295315961169232,2.39086077461692,2.4734890588022,1.99149348395929,1.95054363010876,1.69873958727599,0.148980024258947,0.354630404107385,0.434692851753335,2.29301141642187,0.921269653316411,1.17744796348681,1.97236578284199,-0.873341477896579,-0.00492891183907493,7.5487723323812,3.33124470776883,0.988976327225386,1.6567824688829,0.842535323847986,0.274764037444685,-0.191830352205604
2.86410115881683,77.8365368613559,3.53857553898435,1.84175729370396,28.4928789934698,2.01417268038132,1.94487579585541,1.91933761167384,0.529382898376874,-0.117975700550893,1.38017827180355,1.94751285908763,1.1831466417422,0.761117797473236,1.42916558420544,0.423045763327178,1.36229031190919,1.06952198802757,0.196418136455491,-0.399350857483149,-0.104164867785033,1.28054641542078,0.275163021443674,1.61919079944957,3.28201585420482,-0.280544076788652,0.328207622277155,2.16456195376283,-0.397413408621001,2.59471476278994,2.12864528818603,2.61440367648399,1.8684753140924,-0.476057066091943,2.21177841091888,2.62158576351184,0.0537921747215253,7.79690710682633,3.35829094007951,-0.0740637952891549,1.31552463964624,-0.987071753000827,0.0901953271087319,-0.610989287160405
2.18946603601631,83.4251521310122,2.24322032317263,0.352896461923661,30.5847906284138,0.105678284657677,1.70031845924325,0.24219072499432,1.30734650559669,3.40763992187302,1.73822429979065,1.37690433633379,0.191880379200766,1.97194129451788,0.806270816400902,1.38460952118979,-0.940676161779225,0.515243464928004,0.422681292843028,0.400258560357024,0.373551424015401,2.54191720460174,-0.369981200862867,1.23115751840934,2.42648997841512,1.62098347503292,1.7818738984384,2.80794243649674,-0.229488120830172,1.047700691596,-1.09759806699222,1.71216042502107,1.55797706322589,1.35431966904392,2.15647720595869,0.272313298053097,-0.147346810414674,7.56513880563096,3.52681002690937,-0.213490715625914,0.878591886716591,0.552907696044967,-0.263192565531626,0.253023342027218
2.56880843894184,75.0727826339561,3.1284222502312,3.4297938534371,30.5080751392265,1.42484228990792,1.86538684998678,2.33671013237404,0.893832537207915,0.614730295661571,0.606890417391743,1.75249166085824,0.822791455170498,1.19583697361525,0.950710442226914,0.881581586433988,0.951838403370389,0.67735763401763,1.97767112554988,-0.12045524400259,0.190518384649086,-0.0663671014609892,0.257754848375247,2.73984387264148,1.5596120134636,2.36560803507998,2.03738894400802,1.81554938382436,1.11553622201639,1.7586223996089,1.23858085752694,0.574964686675737,1.59245296420066,0.682716541650277,1.50582185636636,1.15250728672151,0.166460801583025,7.36578435788147,5.36362099589549,1.26538453753835,0.897835797279129,0.0470613705802569,0.281747648941324,0.0838543396170638
2.41008667926871,79.8443446410376,1.62617629567896,2.66078502586477,32.9759209958745,1.31550380788257,1.4328260997379,0.767466591682202,2.49826497717776,-0.294466168472624,0.0261335787396855,2.24721214929425,-1.18000482960501,1.70344733375594,0.465554427649737,2.16190101187851,-0.903304390518069,0.387254923575676,2.41303530172482,1.38899240466125,-0.864130285396921,1.53346407405459,-0.247526728376386,2.33017226506396,0.761425254884949,0.819997040625457,1.08259687700526,1.18636003604512,-0.135808181477406,1.80009859464379,-0.18952153050598,0.386123622844252,2.46953932607845,0.10603988948514,0.923077945974547,-0.214970260994422,-0.449890858741226,7.65488609680477,3.61891572830519,0.351693215756623,3.02993183410096,-0.644675604671206,-0.00758807243761649,1.05829818081819
2.63038520526791,79.0354979682569,2.14407948650643,3.03543101390031,32.4185361260921,1.4443401125211,2.93359094556554,1.64369927374124,1.05901269456413,0.840363805922175,-0.112545394319013,2.22716015853276,0.761148380180803,0.781835044562418,1.76139945277646,-0.180368480056249,-0.162882798858991,-0.586394535800448,0.583483656234961,-0.0713526643597805,1.27503728313851,1.10840028517628,-0.139413068588223,0.0700091150043913,1.11438984140481,0.0353356523717203,2.14910831831365,0.447924310514697,0.751609350804257,3.60200839488695,1.73325042562803,0.852374355611512,1.94871965092339,0.209847878062689,1.43301558663595,0.363774455764372,0.326761279967223,7.90388250168357,3.84164967496721,0.505819311261422,0.797500927245258,0.0533868386728492,0.143263251764962,0.172392950030775
2.24711889008641,68.4399839249638,2.28269846153015,1.86916369027215,33.5871056622972,0.350842628870496,1.9396775586872,1.28206268716633,1.21270602915735,-0.543231108278369,2.83340289353105,2.19633894608005,0.271502654133079,-0.406847356060201,1.49998079899838,-0.133644817681152,-0.0157511190161648,0.303878274811922,0.570580662609803,-0.386790435911039,0.529355604037185,1.75051008206431,-0.0686734690773567,1.18631975475728,1.44182487776815,1.90562768962304,2.23242448613427,1.32835027865236,-0.481435905558913,1.52615367685146,1.41858194596207,4.05891171259046,0.808646774257569,0.130279343555357,1.42324825043872,1.28518063628224,0.0161342349256971,7.94690578878435,6.04093019496542,0.455635338262887,0.434779752591839,0.906653328331908,0.611176484863798,-0.151070106529266
2.32655956580058,72.8785802429707,2.02756557126984,2.31174760171172,30.89863770111,2.12962212466298,0.672801688314006,-0.142516602254533,1.00282419588908,1.93520750877276,0.298806330412315,2.14466258072757,1.1595800434113,1.64439359427086,3.07999624904381,1.01972197345055,1.62483566524337,-0.115742938965014,1.20737301064018,-0.186746258557185,1.24616624957205,1.713282186882,0.215656868832883,1.71649658920758,1.22085128959848,2.6539952441807,1.77897549384848,1.30114419232481,-0.577530535802008,-1.00023132985547,-0.382419182680285,0.989191962489797,1.40392938832067,1.11507580794428,2.11664405453138,-0.477229596944567,0.0151143724767773,7.70680362279646,3.37569303310259,-0.117354193498719,1.76454599321546,0.0658530427459628,-0.263946559659349,0.522896521893124
2.47813098924249,75.3664343668637,1.87859434217636,2.89235990317733,35.0778340818803,1.42319093111961,1.27819303815502,1.09852922416626,0.643448664785915,1.45874559675967,-0.0661591736133715,2.44168036935484,1.49894540381325,2.83823246518496,1.85437120479021,0.39938819333377,0.981633466147854,0.87746062840276,1.42520271480993,1.14356091510078,0.881436906094027,1.71387155890354,-0.21765548772737,1.44559816292661,2.35532877336048,1.04152322687964,2.17492484356588,0.940256571997573,0.216205750902709,0.88372256148041,-0.349260523413356,1.25489901921719,2.39356643230943,0.539997436364456,2.12078832199724,1.52408920568134,0.162217980820411,7.05481817040512,3.18949260696056,0.872727352780647,0.114832429186946,-0.0619696107106723,0.435201900768826,0.998471248644455
2.68940675601011,85.7612024094338,2.72166610802675,1.54664535755031,34.5527001530472,0.57161002776777,2.00752707658507,1.67148663446238,1.03402876461951,1.46429050394379,1.94305670546374,1.46331255402377,0.195123110888084,1.36848286143366,0.981004747694062,-0.417243350005116,-0.0726912197126089,0.211453099366426,0.301889162848909,-0.106864467260411,-0.309581471793586,0.655663529509533,0.212876137610717,1.05761107895181,0.411046568844325,2.63101576718213,1.33443345356396,1.51217849227031,-0.0594470303126062,0.0267911338656585,0.851155028962264,0.39852038397101,1.58713580401274,0.266775345888115,0.0724342674430516,1.37144545579746,0.41225157953778,7.63812057208133,3.31414277698069,-0.267119662585575,-0.482799467883757,0.249449995281578,0.201507949472962,0.105125280496905
2.01891335543594,69.9480360690336,2.46543387133774,2.76839774206217,25.4693760341168,1.92534438323528,-0.491448852996842,-0.715323548469552,0.889865671260349,0.711522797958177,1.45288162825458,2.74766198587326,-0.0438864894921892,0.59969041088528,1.05050448420277,0.00358853162290794,0.0229296405909306,1.06417639699433,2.09001629605053,-0.0530921339053954,-0.264546836235118,1.9402601390096,0.0518608073600505,3.0574331989213,1.94141790023763,1.71121142427855,1.90592587124291,1.85045505475574,0.370415439450587,1.64457922090734,1.6608578416259,3.83618865104949,2.10198606713819,0.86360109424804,2.89858144793205,-0.997184261557905,-0.345900973442369,7.40973364610786,5.46343840786423,2.33074352637542,1.49543550047911,0.164987061344067,0.271656139680753,0.383246219002903
2.66775376459229,76.0674011806598,2.39284615213251,2.86853435621629,27.3349427583247,2.55792161073651,0.726580137397564,2.42339638742372,1.15327056133955,0.417375797629217,1.49112165130596,0.981680532467874,-0.759346261322337,0.843270146226492,2.38811628931666,-1.35646169191227,-1.65360727382586,-0.118461427283247,0.198080233015489,0.860710379919269,0.180651857809825,1.47488002058804,-0.230510588899857,1.95388537822736,2.39449755622995,1.3746017698565,1.90787560742161,2.30374143270882,0.331540801784376,0.746682413772291,1.28555528769523,1.73353723958576,1.96163668292486,0.687609915456904,3.25880168767628,1.28767332160839,-0.115311296309527,7.83212234200039,4.15732061157887,0.0325288500838639,0.341812904349725,0.0409443914308375,-0.290327979864329,0.20918071929016
3.26380669344876,72.2620381436881,2.45132525404226,2.57160430130448,29.4674934350709,3.7506811646494,2.12135459335702,2.01578508982017,0.538439363825438,1.52303702951754,0.216080181186774,1.47162042364976,0.150870518151778,1.36046842898762,1.59918008358362,-0.563359247766433,0.074209386030239,1.56742713522266,0.0589302314785871,1.90518040958466,0.37740897416103,0.440454905210896,0.0144069517901995,1.67347148368363,1.76249656883711,0.702662111671665,2.20540831164537,1.31130440087147,1.20647478211056,1.51644567578917,0.775035924782874,1.89959054977677,1.4864266646122,1.3449555447832,0.205274488973728,2.68984011556577,0.388083904042814,7.33659809681841,4.52699019073539,-0.149227706554631,0.938506607532938,-0.369350258241845,-0.0743580413829136,-0.295482929592011
2.44058511677922,74.5145625104725,2.03665446732536,1.33314910197567,28.0116801479935,2.05563955385429,0.337521079049222,0.57383147460751,0.142652143970689,2.82697192546012,0.784475881624798,2.13015903141796,-0.412008002184799,1.08498152048123,0.7878806976783,0.973715546673895,-0.797645159732036,0.260729264489313,1.32552771139125,0.444882625566843,0.2536187586327,0.235281416932969,-0.188086536875096,1.97543093555471,1.3036309260068,0.0327439579787636,1.95034109925522,0.582890271527955,0.392130894164861,1.17343157967198,3.45681438795795,1.22441303397405,2.19916304923169,0.899464859832373,1.19342322890337,0.646507936956676,-0.0318000510820704,7.36872386445899,2.53928348036259,1.04640866445033,0.0571740470192527,0.747486819954699,0.520307452904802,0.981468446607241
2.14819337972761,74.2271226174557,2.02992716309709,2.26676626858018,34.9701836063694,1.4181906724139,2.11832784956356,0.568669775098,-1.4759411178832,-0.448809827033686,1.27449378180754,1.35243657835198,0.759073111550255,1.74653897165459,2.04969138026286,-0.0155709325825754,-0.561321559785453,-0.144544511146256,0.167776666855989,-0.00231698303889494,-0.0286758744933526,0.938183720184123,-0.057938144516073,2.33507970533353,0.614054658736821,1.1147882524547,1.83942366217907,1.18123605057912,1.05014834576069,-0.459529838656451,1.21705063764287,0.233188557875367,1.58809807823533,-0.115936423143658,1.88458368520549,2.17172349085837,0.169342283089688,6.86208103651451,4.4624059764407,0.488767167513859,1.152774956429,1.43433511300846,-0.132795610260606,0.118372167705895
2.74101233799382,72.6207009074852,3.17759269993529,3.11419155907647,26.6738976906347,1.45537061194174,3.25185936198601,1.52418390333604,0.796192305941466,1.83627575781098,0.473587689166458,1.30761857657071,1.46335971538434,2.05236473707393,1.22039368915365,0.711740106256414,1.69803157186916,-0.712988844992821,0.33503231451102,0.0827034054017043,-0.203032876788067,1.81374571481966,0.00422553332346362,2.02081352084568,2.31142120720535,1.68630815526834,1.24352877225863,1.71238081203283,0.0736842613865458,-1.76849009658908,0.842456164681582,2.29950537448446,1.10471792788608,-0.571979025958524,1.61564408636792,0.79123312286253,0.313448391391624,8.00353895076112,3.27221952396195,-0.916495468968834,0.92172200194001,-0.388561344809234,-0.266454820942698,-0.0394090820274808
2.26456170534571,71.7233223612437,1.92671369942337,2.76535041194854,35.5996084006653,0.378084617941609,1.55404776880793,1.15080516799929,2.58089727781496,4.43713006110099,-0.128458508186185,2.64194916933372,1.22695635379374,0.939910030485829,2.27576034864643,-1.00989748483399,-0.603683169623595,0.417615136751582,0.988743457516125,1.06545763472014,-0.255656021349273,1.50807718965166,-0.21357619005097,1.49670995801412,2.63743295948728,1.99000487317873,1.4617545577638,1.43027627747122,-0.261769286240373,-0.189403506040437,2.73663988108017,1.27367919557264,1.48386106357619,-1.10359927847041,0.731132254594644,-1.70498671403167,0.178631039054237,7.64857690659065,4.55874184610011,0.221576221128774,0.395493167781488,-0.0530970612702923,-0.018326902460667,-0.155922032478575
2.21406482889294,77.3599184892678,2.98387573273672,2.25046757800529,28.4034369942995,1.53383368357894,2.09889875838953,2.38469109071983,2.59042300555732,2.26958913376419,-0.272475037911688,2.76462183437481,-0.0855152415238049,1.5939710639867,1.97813691657135,0.797997308920462,-0.259400248369995,0.433409104437942,2.41390273085349,1.28847335425398,0.220159556391025,-1.04980188749292,0.297418197113587,0.801299528515499,1.97332926706573,1.05301313904335,0.349685329155821,1.18098467016692,-0.913459904597151,0.692627115606659,1.46307860345011,2.40754087876786,0.969188541902289,-0.138615383642265,1.35171970410389,1.34839236158571,0.159343416927058,7.67248441302042,3.55218459889775,0.435203668866513,0.426941693269384,0.0956442000769097,-0.247841522119371,0.256397716021283
2.32650297213039,81.7146787822576,2.76775937615684,2.72419591713653,34.7546980000397,1.69192602138759,2.37055286009115,0.720295810409408,0.0680542870132714,-0.789535520969488,0.138912964960676,2.14579475255298,0.6427442450031,0.988338337077602,0.892288464960415,1.13138307272856,-0.269696787811823,-0.00696704690492289,-0.201772929857112,0.443478498548101,-0.458793283985743,3.1626884088169,0.21561848134429,2.18927230496383,1.4864970254897,1.38875566548775,2.13824252335165,2.5581865154016,-0.192589492632593,0.382343630843764,0.39669623942473,1.63857412276813,1.92343126111555,0.475280418074804,0.0634750939549262,0.414164376325665,-0.69065069927309,6.810468662904,3.11778900099127,-0.542932797958256,-0.221541211873237,-0.112301731935308,-0.372674911455528,0.822493351080001
1.82327666165497,77.8750784605808,1.72228784111619,1.84520304026954,33.0432026080337,0.929987779114715,-0.195694895401756,-0.402611357047516,-0.760934163901105,0.614936944657854,0.449577410368575,1.09101288540024,-0.386886260400481,1.32216777936105,1.37115327354277,0.00704581434290488,-0.266418913966584,1.09885958077844,1.14258253989407,1.47716830005957,0.0143273814870108,3.47570538045035,-0.471329876872662,1.37838522459658,1.96133191989638,0.686430402763001,1.98288063733256,2.63300519741266,0.440620272904095,0.828106718236275,0.783387723169894,2.21700249125105,2.27861582963019,2.05886996979953,-1.03488704206237,-0.0104880853184773,-0.127000369613188,7.52255365102757,4.31249982321006,0.84608430578714,1.95724355102701,-0.000957835051110884,0.425579529799524,0.1912750195759
1.84450651775775,73.8496092240217,2.28197303532941,1.26391213842844,30.7474309099281,0.514837316755541,1.20533950428814,0.886635561195868,0.784410220582501,-0.552932215623433,0.569030719520563,1.16069176616188,0.023314070077668,0.950935640942578,0.267174385332166,-1.17142108756502,0.722737361419192,0.331547624422273,1.15460637014599,1.42447421103713,-0.450878663469579,0.668008891316312,0.328660512128514,0.987542361254313,1.45212935160834,1.86649603803382,1.82884041830573,2.19841903911577,0.882237753196485,0.875805491493013,0.0751791562556996,1.66145542463662,2.25829736559333,0.291143105779343,2.36778544479948,1.15384344428725,0.12481072492975,6.57922595584815,4.77211083671899,-1.59212228492265,0.581434924342148,1.05640547253042,-0.126317873394946,0.738544007238572
2.54045017688754,78.6810488071768,2.25467883666686,2.10372404497449,32.9142867259098,0.709060608621908,1.39346846600265,1.28309815053619,2.31807337623072,2.37001359618841,-0.109895661140607,1.4403590024177,0.0555459489753861,1.11803503687598,2.71009820518705,2.06318194792829,0.314009431632557,1.12655125640281,2.91568548066031,0.799638169705218,-0.500471205850655,1.86529159662781,-0.279164170794744,2.30387891122889,1.90732709807931,2.42869533462712,0.634312569204528,2.66315204528599,0.875947117803895,1.52922741065087,-0.117933693045119,1.01792087618736,1.96021293412153,1.12883403310847,1.6688769717835,-0.145295717333053,0.219338646851962,7.34278522879778,3.30308639905894,-0.393919796505475,0.761794037935539,-1.27503906096139,0.467262968367885,0.276050518674815
2.62549452625361,73.8035708378494,2.24326497535542,2.79981198783094,29.6245063137159,1.75217749791456,1.52233912021348,0.238656284504764,1.11045185351661,1.32525784563302,0.0328410162642447,2.57156738793504,0.0830408032996211,1.58553132653886,0.985445257112592,0.0600499836280224,1.15493509192633,-0.24300025798484,0.48737337519353,-0.938842558940822,0.497877222541379,2.05829201533312,-0.119054036594186,2.32881259313787,1.16725868716384,0.847354060833782,1.51441297821934,1.73776367122994,1.9255589514098,2.72963863751817,-1.45103741340458,-0.241854715978133,1.54712444713517,0.198368021469095,0.802045307422408,1.38862767909618,0.170862065299935,8.25516044012904,1.67194770429367,0.373207254530798,0.453764060662832,-0.642802963229562,0.127356949916334,-0.480833582568824
3.07388066380341,78.2559832183774,3.20623723294965,2.33633337208905,31.0164142433706,2.30849346651143,0.272072675906641,1.39780594888729,0.540603316834474,2.30003024355831,1.16097557229087,2.1027990228724,0.222643416823156,0.623760544658919,2.04672785486355,1.93461907395476,1.0873456990839,0.43223704254501,1.21535385063504,0.700867359697032,-0.504378474256746,1.76788706999449,-0.00591145071260517,1.53154791001564,0.934856660764081,3.29468354363839,1.01293617284486,2.45082865479847,-1.39768828094061,1.68705188715673,1.79391012030474,-0.0239654193422014,2.12899514683404,-0.0472699172878791,0.553745438850902,1.00491459817365,0.598859395273848,7.059603978041,2.94347589026822,0.173092418043256,0.975562093826081,0.953434483227208,0.386079261926191,0.545352656559204
2.40351827687792,78.1676989807866,2.80646678032362,1.21218984865631,28.993308766331,0.775825740909922,1.06428409352856,1.07894180318612,0.408082738853973,1.22743075214319,0.806794394218819,1.09965274725053,0.639790156518866,1.15304141571031,1.3404619329632,0.281634434599807,0.296728141209206,0.394533566952569,1.14259244143429,0.321023216893109,0.0199092834052478,0.672960189734232,0.544809766234069,1.87457674799192,1.62125908913803,0.329273387447431,2.0488395857278,2.33898576151942,-0.150120634239182,-0.418805928838645,1.72538391115159,-0.0247326391527,0.533008010255078,0.735899690948252,1.26873482341751,0.768358628934698,-0.594811153227561,7.93626169192997,3.59732633503879,0.23357993533826,0.980734641246607,0.0236421656886578,-0.340135023573525,-0.0446070900644576
2.0826752100574,81.4249648363384,1.82309931250212,2.7487108890188,31.9541527120574,1.19527215266744,1.54252501827423,2.03412160053464,0.884430748359653,0.678843613463194,-0.103826290316229,1.98097005681122,-0.207179375440418,1.32943749160576,0.554954554582896,-0.123979696005878,-0.210609142295797,1.06630895843983,0.718598124934906,0.654775001971223,0.613373265168967,0.528986046642107,-0.0440166962224867,0.480543173193695,0.480135056784764,1.60564190184123,2.70094675490203,2.6256057949592,0.0938416157269956,-0.868040545272817,2.06531486107437,0.553068708886888,1.62651694810113,0.978085828915531,1.89613400281035,-1.28859738514938,-0.142862795142418,6.9443820471462,2.91388339764378,0.927140507255743,-0.0732436275742199,1.05117546870857,-0.067364549076931,0.318318515870554
2.61573408707639,71.4106181309056,3.03645122137476,2.08444132003303,30.3390184523982,1.60519936774448,0.857868637540687,2.02734670453187,1.47497113644113,2.48853824674993,1.21920778035787,1.60005778364615,-0.0642335123215259,1.88116043065212,2.57339894233692,0.625391745180493,1.25238594606717,0.778751446748012,1.03359230630033,0.567280078434911,0.593324816362827,0.947320433563694,0.543983520570503,1.25046746605224,1.49565624575616,1.76303459244638,2.38541987829927,1.09272434591663,-0.775668325610854,0.78955316159275,0.594944179281693,-0.0169291461520826,2.65902742785903,-0.720141323061029,-0.0340472086777006,1.45311001494021,0.352840509704002,6.91288752134892,4.2219755692046,-0.304130591000143,0.0933491067145221,0.641433790780899,0.659099344820458,0.486093668018538
3.06733345375328,81.4043672450202,1.86193040611326,2.38742345483586,30.3653249734544,1.89049707253034,1.96459664880066,1.40157801855721,-0.108813311981526,1.63954150727966,0.864312303092125,2.18650054965663,-0.232103938175515,2.50336338042087,0.94145546051656,0.595219626074926,-0.738975224166481,0.413851694908152,0.85620969489494,0.131099272973081,0.749926715739364,2.50911193559087,-0.0720706587051961,2.0061656929667,2.80475260770904,-0.750713993968747,1.80804351037678,1.30226569537972,0.619069891220665,1.06308444681444,-0.729134765582549,0.570070688903082,2.54883297899647,0.0254741441235498,0.757710440771311,-0.012748799726939,-0.121751688506265,7.80245137633156,4.46299433823728,-0.338866969206794,-0.0728501976162577,0.0496966494243478,0.429136612330112,0.126872582352437
2.01608910008293,76.1799659928594,2.47777057278418,1.89947501297986,34.6045909983928,0.325030582550109,2.34737766016582,0.0289260911316729,2.23533093518321,1.65079986707377,0.318332120120118,2.80393055663043,0.693454287208969,2.54050160533195,0.326614731118315,1.19883491573782,-0.154252236427072,1.63748123684819,1.44630992650342,1.1740910525545,-0.0931566285105945,2.60320431072343,-0.0976201670893893,0.932022192359641,1.92916556850188,0.775519387298956,2.62531632158881,2.17342454274413,-0.120251286482682,0.755267208788289,0.320822186361373,2.68656408665308,1.44322551099436,0.732964898562859,-1.49499148660591,-0.357028511681015,0.309812323606371,7.3503577346317,4.95253226466917,0.0475402828133931,1.86627024661952,-0.419174491092436,0.0866425970190455,0.364205115551771
1.63737286687286,72.8071591149483,2.19398563119356,2.8965345886513,31.9648986716,0.0981219875905475,1.46915000722553,0.689765480305188,-0.699807368706031,1.44288165084032,-1.9268703337349,2.1638404151728,0.639013138663933,2.53455807953737,1.0120336759448,0.1630527862366,0.364703355097135,1.08793657402911,1.2307619571137,-0.126435251284717,-0.242215579181558,2.04115514582085,-0.085101881468399,0.742326398420481,2.30754535327559,2.12969244109123,2.3542014887995,1.78734516563213,0.759715335314711,1.82620839629882,1.08843825202269,1.97840329320775,1.66945142074494,0.258893295785104,1.38447194014274,1.53003961746596,0.16635883432637,7.09961494244542,3.56918122112225,-0.144548179444379,0.450331240010283,0.267522803601418,-0.427733040847866,0.350258940285513
2.7632003535579,73.0191146833312,2.85597991906103,3.25951305068905,30.6840024413453,1.10971093391905,-0.185996960666688,1.13295963321732,0.178098203925822,-0.294727634132592,0.367548638210383,2.40211866734149,0.671815682069792,0.247118682697868,1.00242630542365,0.204638040845582,1.56840807096172,0.863876972224069,-0.288907763980532,0.599699280393285,0.0996093728758888,0.0964653468055993,0.32259040733486,1.44063465324684,1.86735185862865,1.68666360407621,2.22880691162665,1.99648096978768,1.35013514961062,1.43047198477516,1.60628284150647,1.68409292260438,2.14333659714919,0.46639051161715,2.19184425453411,-0.375164661013389,0.610573328539134,6.67711902929872,5.20319841459766,0.129845505141541,0.978044933917985,0.987626365139633,0.290566182161927,0.405345468385488
2.76588011964137,73.7746204680569,2.22708254968657,1.99258745092457,34.6112037463275,1.51488154074789,1.14534467460293,0.0392359670491347,0.467410229329438,0.327065839968,0.298838680881349,1.00697229107001,-0.25710022411098,0.638412118350483,1.63523144165556,0.718279389527791,1.5896226569676,-0.0666771942373159,0.0131540708290048,0.0372100177895847,-1.04273855659985,1.40677530847061,0.0216510011393871,0.564047733277402,0.748579530954941,2.35306203786178,1.28194241027838,1.93585425495818,-0.860531724519749,2.12108906431737,-0.0956292151788242,1.40710348764444,1.59263845510889,0.560073406996965,1.98315048520594,0.519810773339811,0.491340223173322,6.94792419846617,3.75286302037588,0.148707862953815,0.58265777009503,0.247708201048664,0.489667615061585,-0.47397456138476
2.32929502975075,79.0437342344891,2.2100900277803,2.01785982985412,33.4521565411935,1.42469610856908,1.45700383207022,2.30768440276407,1.87793321619475,0.941090892326462,-0.226709659418325,2.82645599842022,0.217241565423081,1.77312675072705,2.71763635850249,-0.590244222112461,-0.0228790747602153,0.270041158904346,1.13262130868679,0.630467015469822,-0.281932835994805,-0.674357459973101,0.555654377576534,1.12462873825796,1.39088830814254,1.48205984255058,1.10198148489887,1.57738801296058,0.77449713623963,1.33967350409315,0.505916404215728,-0.641759473095944,1.9269226732429,0.942506436792496,0.442751798651018,0.216023296599277,-0.0340133724718593,8.47404982140817,3.6827428859642,-0.51503093212054,1.70139237271863,0.120030546446154,0.250675835655887,0.361368984987208
2.26414204029981,80.686124874378,1.95216855840979,2.54916345452821,32.2343954335202,0.0694200763591288,2.2451417988531,2.35193771786517,2.05599161148234,2.3856912976546,0.894761777096087,1.80684932919393,0.786726969783729,0.371052433271818,2.78243617577219,0.428367307754216,0.337584859490358,0.194311521817886,0.918238257428829,-0.670473071535801,1.06135270607509,1.1084982325017,-0.0699820704894061,2.45935258278028,0.893174945049769,3.24877997258255,2.67163893064546,1.97073018888754,-0.553082474578978,0.520166338200263,-0.319432756180735,-2.00691119961242,1.49998889712111,0.859772472755601,1.07521283280648,0.596314440562476,-0.0404833122094016,7.90997600543876,3.61302528217875,0.54941134311195,2.81295414152648,0.314813607573008,0.00298872630155319,-0.314016586356844
2.4223816971091,75.6025352458809,1.93920865167117,1.89292640796627,27.8876253975289,1.4243680639548,1.25483692171068,0.921130965933536,1.47616613085986,0.630061589961703,0.589352908404722,0.424975890971868,-0.255955413326084,2.1969926189322,2.27518979584468,1.46766993037631,0.303689563915302,-0.127714459546422,-0.560348815607649,0.0140701915778453,-0.0286843087577422,0.192964732424706,0.310985173889979,0.55376485294582,1.51754084397122,0.815118804900227,1.21116176082303,2.88264668615667,1.04009596175927,-0.658301629260032,0.887966453493426,2.54478787474069,2.21358706371798,-0.178702023243026,-0.134456333994107,0.567546439006926,-0.0374266395150644,7.87255847898579,1.97114362914638,-0.80985253142887,0.647281258747805,0.58302045131079,0.129930391962385,-0.0590359551688196
2.38005429373624,81.0219216520464,2.82961903034874,1.97287134054033,35.1821940221764,1.64402704034343,1.58843960903349,2.33101012954563,1.05706217530188,0.837818868125044,0.785047820288617,1.75677127204903,-0.285936904241941,1.97292432806967,0.643558923592463,0.948966616002596,0.835022744394041,-0.0367250332649811,3.11502133411916,0.442400573948563,0.865718074862992,-0.566971463274336,0.076750291580332,1.8623322972173,1.90561227880911,1.00129397358606,2.85757785803746,0.942011188553065,1.88326659338237,0.440032817380861,1.88967316346045,2.43357220776587,1.89996174452923,-1.54279569204012,1.76001684489391,1.04653082812936,-0.279599214491902,7.27551881277048,5.1085610271648,-0.862293359658775,-0.255458620853448,-0.264506955655965,-0.153012877414874,-1.0538520387102
2.20532819960298,75.3243074865342,2.28348631160419,2.86935280376197,30.0802453352338,0.653979818094705,1.84219413146639,0.0471531754350754,1.11698053947382,0.390657653138462,-0.776242736513055,0.594948075941925,0.516434899620197,2.27851145386973,1.82195465196319,2.0530631872711,-0.0563846486257641,0.738953563437577,2.43254294767314,-0.408325729494657,0.362402383918503,2.50710076108352,0.225011718968882,2.98650079826236,0.281515241402036,2.1425462866814,1.30372302130972,1.17545881266398,1.47979958423764,0.787887956982509,1.96717369356394,-0.513511173487492,1.78410444354974,-1.00434063314598,2.23129500050112,0.444774192541609,0.100345424656704,7.31999687368786,3.6833684562381,0.806768555033096,0.541505326627554,0.948525652321109,-0.263732389023174,0.454945231196763
2.5988216423037,81.2647323363918,1.5974195178669,2.88236246020263,34.7592285137276,0.143708061355592,3.04477121141782,2.50550417321117,1.01575777207996,1.33590227858814,1.38142240143033,0.682673379350412,-0.0584831718882773,1.5223404117956,0.503252190937412,2.1220611935566,1.09219543417839,0.553866362921893,1.55703784126132,0.208846494473578,-0.163390531460024,-0.365621648267987,0.0430729682804035,1.90927889030819,2.62599573718712,1.52897107511631,1.71756178292186,1.56746687272627,0.472181494238831,-0.0172554816063903,1.28353875517736,1.73461195689192,3.22132844442993,0.584497185097782,0.388866146963828,1.24548697735212,-0.0748152094464427,6.96261224438882,3.13899243260367,-0.224052756962924,0.552367155370445,0.65526330695137,-0.424628793676229,0.0303108770727704
2.18349392637976,78.8552861465503,2.90443559642463,2.58259708684751,29.0319374081414,1.76863291879096,3.11065731871929,3.57502148422416,-0.597311514310573,0.00825086811246734,1.17299967356372,1.55147284312973,1.29451068029649,1.25789168293905,2.14934965729683,0.925030022541455,1.00985035384291,1.32831223336324,2.16975885099732,0.662753214867045,-0.140713254852875,0.201250516160611,0.178164058723704,0.851814741456051,0.811721064708322,1.90757028333377,2.46410672961621,0.516425491518206,0.188909649445179,1.87669026931269,0.97981867893793,0.529307830721129,1.99096687174831,1.06250536489389,1.58242567595168,1.15243518541142,-0.0332245685426965,7.38105348997933,3.5403818236507,1.81415334750139,0.410290062779094,0.49408576316981,-0.0332410989084744,-1.13260725410099
2.448769035067,69.5942842947441,2.69599371050703,2.30770850377598,33.2130911067518,0.0569476319041002,1.95046947150663,1.75149704952954,0.890478798442978,2.374846896011,-0.263449847248128,2.29996870525133,-0.0374036985951676,2.77021733045645,1.38751505608899,-1.28840881537692,0.451382682807649,1.30735460465056,0.720617762993613,0.273693432428833,-0.0241165563068447,1.02328065698049,-0.094644199757083,-0.326187813168982,2.2926354183313,2.99361421944859,1.51710071839141,1.5605557480635,1.16319451908133,0.95715642633211,2.1280689902057,0.518622635768374,0.699267850627441,0.807952448102568,2.11203569037693,-1.34322790401399,0.320208819679233,6.93890410346753,5.9688685902411,0.723758609739222,0.908763035064626,1.67135233488432,-0.332248713709325,-0.238298274296746
1.81939994813846,72.5991693118295,2.25155091085569,2.22245909981095,26.0074681912665,0.542345755974418,0.668365243538436,2.03897656271737,1.48824858216126,0.32593174214383,0.485030581287927,2.93661174220363,0.202410879475508,0.589179962956651,1.97367744942129,0.640132516625227,0.785430063622844,1.04203556879932,0.0371718006755335,0.503289019704948,-0.398220171728485,0.411995873670705,0.397527345567307,0.682671631735086,1.39833853410113,1.33482678621915,1.85868420897621,0.94468195006656,-0.406835989460784,-0.0307653984020707,1.24494764645988,1.50464326745385,1.71195222498901,2.17185120338997,2.49803195420395,0.883558657676163,-0.0818435899551583,7.86195104971452,3.50967162839497,0.379870490712421,1.01743815558611,-0.443583579692877,0.425948967904093,0.393563764019166
2.61586473024814,78.5062618881276,2.22007285305689,1.78718270848701,27.4766182903855,1.82864914411629,1.24631378933517,3.27910148225125,0.733579416334248,0.881632079921795,0.0784286143070253,1.22692484617549,0.397728397052666,1.24048045316967,1.35039665753293,0.259592046144395,0.13713149224362,0.984476189261718,2.07993982540379,-0.212591928543292,0.0745562431821289,0.846085421934279,-0.331689611786161,2.65122899430474,1.41793227401726,1.41320570829135,0.920142531696313,1.32708285033794,0.831180651833898,0.569123271937279,1.68072662271278,2.51732001388624,1.60610793816337,1.11004978705949,1.07819708678033,-0.483970623851972,0.244206829352537,7.31834522682674,3.4570839052762,0.118845851736496,-0.450182787033785,0.0972129477885976,0.0970031719716891,0.354857962901236
2.60733667714428,76.0645467510028,2.37305179290192,2.57291762092947,28.5891572369898,2.0817062746793,1.72907754222884,1.40664722329853,0.652565057408961,1.05700088514197,-0.0719284157764839,1.85982369184756,0.289706198712406,4.29162852171615,3.00930219913049,0.862146226726109,0.032795696141072,0.380241280377539,0.844570324611545,1.40432171767437,0.84033791035424,-0.814279553257671,0.191315900111914,1.89526637942541,2.44279446255859,2.48875845640503,2.1258247665996,0.642790924991075,1.11121917584642,1.47177899758073,0.875742522304037,1.06033284735084,2.37272142827264,-0.666669735370047,1.9430489695184,-0.556935625753365,-0.159606690007616,6.99314290010574,3.58026828348976,1.01657445964193,-0.110105387911524,0.798840300239856,0.139698192901746,0.41908842067924
2.40085117335037,83.0363566491843,2.54888172720802,2.19699669873246,33.4866847870334,3.58541500533083,2.39094196402088,2.46658617101684,0.111949930633771,0.643866509924877,0.566363210643059,2.09005946735106,0.579245592587848,1.22435965236173,1.32427654086415,1.35928354690546,0.0157295954871708,-0.214419458803895,1.71985484792791,-0.33412863742276,-0.0164054226302107,-0.868794336895264,0.192116506988333,3.24239106289897,2.34254188853125,1.24423021279279,2.25045936098305,1.05191078104646,-0.490176919310305,-1.91528333785192,-0.483098617685064,0.592300267271618,1.16554376534733,-0.446218057333763,0.271486832722287,2.45312454775198,-0.0208775401447877,7.97504910716972,3.10955138879207,1.52711356944794,0.889573212486925,-0.28005610504723,-0.431939042929317,-1.30151197276605
1.52212926972408,71.9382220771078,1.94787287506529,1.41245566946689,34.9866464156843,1.20352933051509,0.0602591388027926,0.27833814735483,0.43470697266804,1.84980261442404,0.765185290458498,2.46257515893448,0.816735504375543,1.71208051154216,1.87630664530268,1.33620128757741,0.150132351632631,0.907616136652371,0.570048748970252,1.02074699631654,0.810158978105207,1.3704935374724,0.00111896836319193,-0.410800629416043,1.87181206397129,0.890892493660477,1.27542705474103,1.96267658040758,-0.118448908058879,0.0363786100317991,-0.11777872023267,1.79161335304778,1.39567139748403,-0.596066576519306,0.673992468560537,-0.343582816970747,-0.127345718902798,8.40586166147507,3.99849038895376,1.24197710393881,0.29415690190899,-0.00356083278792271,-0.0351542536273844,0.135408922274609
3.35504160691993,72.1715615215429,2.45020562046242,1.53612242132793,26.5202558069474,1.53994106202551,1.80151868703438,1.53347396072482,1.12055559102073,2.47841893633764,1.81805266727208,1.77018347047147,-1.54594945571343,0.951038809346139,1.94542098104605,1.07969041011565,0.192398873554937,0.290847255106054,-0.484239675649941,-0.39711877956451,-0.0372501071700895,0.800486373458469,0.478704474692748,2.37117290664917,2.04628956920601,1.28266762988357,1.87417692815128,1.94724777054211,0.574412577157685,0.586602594030489,0.585760920131556,3.92887921623913,0.633321794955718,0.369555628035649,1.83033174279608,1.45155547466072,0.377772994150141,7.40656118591891,3.09194010241303,-0.13097871372048,0.0465294213825054,-0.725422986379681,0.0412853930760797,-0.831088592604667
2.5965443303367,80.1526806379268,2.77554035194478,2.93932429532178,28.9517062596432,2.44371726367076,1.78406987484949,0.863739167710314,-0.267096396892029,3.77070385509953,0.836699179151989,0.685896621837849,0.514515068059074,0.591715846537635,3.25524805889601,1.72967219388145,1.40672053581203,0.529122519429463,1.7365359293976,1.27063866028717,0.304764390254312,3.57405541492122,0.225672066548258,0.801847891549773,0.792169577795025,0.829914373562084,2.97119447154861,1.7419749198427,1.03477490860045,0.300234298318984,-0.0385330622907732,0.645753244751919,1.06339836505995,-0.26242375227372,0.78927194478191,2.80873865785785,0.00731287379827219,7.21655531094575,4.57947024996528,0.720612761320671,0.689644715234951,1.79594614304831,-0.351531982163164,-0.641998963953653
2.04032142320196,76.985606974255,2.2167909037609,2.01369927654776,33.4278465692396,0.243389502992335,1.15714424014098,1.42340358589603,0.632907213886646,-0.35484375369344,1.82482599681337,2.73873466713292,-0.536121452970438,3.03274282292462,2.96743889735586,0.119195415881327,-0.0170130956391505,0.0678674791293283,2.56627258100743,0.141229159918982,-0.0984297251553257,1.45806102107137,0.0742298513302828,2.03159398631816,2.99615359125961,1.08898241705498,1.91282193519711,2.51173125871545,0.0360344946437031,1.41928247164104,-1.16867021905935,0.55208165597203,1.01879188910697,-0.388581912931134,0.183637302696378,0.398636603778506,-0.074047118718461,7.5198302300137,3.96871536943329,0.184588376419222,1.66232438568709,-0.0561428218444014,0.095927914903666,-0.181017843210795
2.32111981225994,80.220965072506,1.68167010045585,2.39509936456833,33.7350657776989,1.24967899992289,0.906319467102882,0.760401814907805,0.514042944571239,1.35199543543955,1.0102627063685,1.85419489615451,1.34085444927099,0.413226728825348,0.103872429724541,1.31093318736531,-1.52740181194291,0.0478089370207106,-0.885828970654762,-0.463473279480059,-0.0119494303683359,2.03137328998718,-0.0364295962699111,1.33215691663201,0.766864378078026,2.10041560764069,1.51515593001033,1.53955173344051,-0.473502768146149,1.15421784080328,1.55687211923685,-0.253870666069922,2.33046350697648,0.324356249710008,2.29849155541434,1.10916233620959,0.158124169303381,6.99830224770249,3.85013848843824,0.498719188422057,1.0219615398774,0.563564698900092,0.378473178612241,-0.78236213914889
1.38784434467443,70.2850118900176,1.80480844448846,1.59905479252492,33.4675936086447,0.942535151330986,0.118251353721427,1.75347859128438,0.690882292404034,1.24882415738372,0.0428837692864511,1.58862889558894,1.04427952284595,-0.36231872027032,1.18457522049584,-1.19064094184252,0.727771242129988,0.72999921301462,1.46082529261961,0.938000538148147,0.216386872306832,0.436158407556713,0.201639912408012,1.74792993935271,1.55558616209496,0.916850341601459,0.989228181558052,1.12250209641309,0.345728978738385,2.14474170185579,2.79990893218697,1.65526780049793,1.91431703974595,0.591677277305374,1.58824140633093,1.90603314524215,0.309156727806242,7.1996455311769,4.06550396706336,-0.197378765875376,1.17560799470451,0.930372660997874,-0.150035293698015,0.846803698583044
2.46395342389605,79.1137321516935,2.52848819426658,1.95267429160915,37.2592905535987,3.02526245273072,1.9196106005492,0.761334023171787,1.71357422036757,1.37616189994738,0.956928162922691,0.849510745570366,-0.541056203809972,1.73675477647114,1.91333024745722,0.598929736822744,1.6406383077113,-0.1412059018237,1.23055992084776,1.14307647098877,0.921943993776041,2.95636173062903,-0.250647854514166,1.60011911366868,2.1269246031134,2.18880712795219,1.93785148082156,2.53049039479342,0.601925812807454,2.07362430926801,0.0876884453600838,0.0603198324771728,3.00139577438138,0.473716761081079,0.0158460993659602,0.864464387117386,0.24621960362226,7.87519477919778,3.75289467676437,1.73010657594026,1.50414473697964,-0.385681549810607,-0.274439701406775,0.0848248873309105
2.4418102012229,71.3159987294354,3.09888862235617,0.38406831852949,28.1338925181065,2.33439393369314,3.10133375638562,-0.208168132881126,1.08601877227992,0.0878743854669295,1.01076158880893,2.09494320426116,-0.413451284437595,1.1400232428027,0.829639447263073,1.36005483083526,0.252684652392866,-0.519778862287594,0.323552958192032,0.585522380759114,-0.0514024620929251,1.46860944672123,0.11933463311344,1.10856649452481,0.988501681710781,1.82500324316867,2.69051735126462,1.384750344599,0.14351158361179,0.812413469552324,-0.346039911748538,1.80403212589884,1.88906816664714,-0.662019118055721,1.50980799131934,1.67815418993872,-0.563648918121289,7.57500149406827,4.74973987770594,0.0598319820898815,-0.794464859133208,0.0422439907032027,0.128616752160958,0.226060340810645
2.00914926212208,75.2653319453149,3.25782812300775,2.02004886105127,25.7911719958187,0.0687798338180456,1.16773845409471,0.437755771141597,1.3590240779128,3.12466016971138,0.373805391965811,0.916171925303674,0.252104533126868,1.05630218869051,0.678502886179112,-0.00152936576739855,-0.658118968141042,0.939955836133579,-0.343192390731468,-0.898772666236759,-0.0182428151414365,-0.526375625643166,0.11710567088157,0.936846513016643,3.09074031651604,1.63498193050278,1.3121255349592,1.29939656469751,0.34816188464577,1.70501119805984,1.54797452695304,1.77989810061237,0.76498749739044,0.309378668097148,1.0131237796137,-0.99117584118861,-0.526984083205891,7.65837127465626,3.07405830555554,0.632607684320642,1.45992517901055,0.0762363875797648,-0.151073489510528,-0.14081518031902
2.48381755458299,68.7995828017388,2.5626301594071,3.30985560159169,27.1362592696086,1.25882372274984,1.98313822017315,1.66650041734716,1.18629801322769,1.03414658548957,0.970436069717709,1.57246904950538,-0.0384869469619199,2.72723305617643,0.416714988377873,1.19706714294261,0.74190267798058,0.302172434173218,1.07446088605285,0.333446854969983,0.856804182009304,0.595460926734824,0.147120643026845,1.68147008058339,2.42174505272532,1.34886302385576,1.87837910905547,0.672594921067242,0.389949159043429,0.310330038318447,2.57400115884137,0.561274110432092,0.633548826322873,-0.77576204174733,1.15024841365425,1.63859252446188,-0.26956905533953,7.0338777612464,4.80850294355801,-0.439852944875963,1.20086465403214,0.643447022208876,0.136408208663725,0.368655444352413
2.76822505470621,72.2386477572607,2.7612014956584,2.61377189104278,27.5125674720933,2.62780059319666,0.491126390548951,1.78951379254502,-0.233398073170285,2.23214721507442,-0.404429879839091,2.15251705214243,-1.26163521317688,1.71612984229919,1.20707374936678,1.27003957276135,-0.824891544228999,0.83918797425069,0.350904332737641,0.488520331028483,0.822101935969912,2.0671302813251,-0.143648035520081,-0.383775837053456,1.72447747685221,2.75503553410006,2.15668717162086,1.77897927318152,-0.333349854252174,-0.0543692596640634,0.105025132849974,1.19652194879506,1.71904997286696,0.475103154935453,1.91797510352284,0.949271312635168,0.09085972521475,7.48261236009979,4.32288240418029,-0.366279837524759,-0.266417014401168,-0.0806166278252095,0.550372984912868,0.254596175051792
3.18226101651563,83.7939101015425,3.11390634759409,1.66921837675259,34.0543949875779,2.16398681063624,1.79008012123091,2.71220057828365,0.0133361562051115,1.38138901470706,1.1285875820587,0.788276459518562,0.025669990060757,2.15715492872336,-0.337385365948102,1.90505168269897,1.91224597472382,0.313416044349359,0.572824801779636,1.00555678728104,0.364403869629651,1.13849611968204,0.0178586118639838,1.45797483831531,1.96962485544262,1.06524010880381,1.86890122804722,1.72626993008705,0.660001388544323,0.94524600573251,1.20518503253671,1.32958642967828,0.878390258960649,1.56283366196149,0.173953271050384,0.695090322275927,0.354135611179309,7.27825937979722,2.87195159106624,-0.726801274427186,0.560006589273293,-0.351068285199135,-0.28070489764467,0.0684092560127592
1.67621988540173,78.9844562721244,2.28972375161482,1.58273608567627,29.8514126431562,1.17690434585901,0.98617069094896,0.551891472718023,-0.658772338447183,1.62508461175612,0.611815909316171,1.64787682754234,-0.479743817177955,1.24299381520106,2.73777311661088,2.5101581357465,1.07726447911915,-0.410764066985207,0.164721069816433,-0.810239852332697,1.19960039589852,1.78422923131153,0.18423248497026,0.847912665674173,2.01275778133838,1.52306528565715,1.38282595039484,1.71717684368702,-0.114643092224369,0.594305946844713,1.26579226636092,-0.444981798381455,0.328864537161538,0.337131154799081,2.29279654753986,1.25435395650022,0.114592148597033,7.78319277128521,3.1746278248003,0.0675780720041851,-0.285855166152774,0.727478114445435,-0.302531812118434,0.856832398123707
2.40026346031538,74.4414457776002,2.55801482781604,2.52377414462904,30.565835789014,2.51786434256455,0.519938181060033,0.186065310848397,1.08275194025357,1.42956023752736,0.929536042675532,1.71840484677491,-0.140395496397971,2.18691530329616,0.0220665895701018,-1.38981570029411,1.16302648233615,-0.395646023497519,1.93673723905088,0.703650093294862,-0.0918550401273892,1.6231042959919,-0.19037483650119,0.635253378769723,0.552712257263952,2.1293345798069,2.46874892444957,2.08524423865585,0.0321423851195139,0.43869601463043,0.636577122558457,1.43237744609142,1.68267171856335,0.101744674377645,1.07236518673013,2.1683530373445,0.295446342775061,7.47552705379714,5.81520737269648,0.326446112021129,0.703152774585353,1.0698267932157,0.0641099894519655,0.0139897590559259
1.87522754790529,81.8431011857012,2.0208261199024,2.30700141706936,33.7848348535045,0.846970690748079,0.89423756509166,0.371874073768226,0.360675175390873,0.855608567910008,0.95004764165314,1.96173172803037,0.158175536252714,2.95671470459585,1.23709974563368,0.388430422290655,-0.0497117244486086,0.555549503296986,1.18610457082809,-0.571647811986075,-0.0185762969755109,1.99857678784785,-0.295251643050847,1.03155061767602,0.728317714578941,2.1216449410396,2.505442407031,1.76318888789241,-0.874225293483344,0.884629318383444,2.23101264192577,0.593786878180213,3.19808802592858,-0.22840901530249,1.1043021986298,1.16040651869565,-0.181252072863656,7.53153555613767,4.45058331061255,0.394336653830114,-0.170660663811418,0.761481666147206,0.261995414463903,0.266562010886803
2.76682577618612,77.9489298969543,3.16567230545937,1.44640696069444,34.3518964399024,2.00220284915106,0.430787683355926,2.01467917033536,1.3265633333574,1.03647258341282,-1.03452395656591,1.5517732415523,0.216472001919243,0.986023865277387,0.638290840509576,-0.451994050533695,1.33082810045686,-0.227573152979713,2.42196830475422,-0.340702060340665,-0.297900863396952,-0.628455962805505,0.411780827752717,2.24346864036637,2.75543347975071,3.25449006272659,1.55565715785473,1.34748192565125,0.324224967201516,2.21916849044237,1.41553392963283,0.00241966249475278,2.89416735477653,-0.796456396660915,1.22847096296545,0.662162590851274,-0.241828081410097,6.98594305727143,5.25398284686628,0.0626923081551057,-0.425315390512512,0.0426857155095063,0.191404314760564,0.444865409887704
2.3867932921981,77.3375859717317,2.96153042733047,2.81412031277226,28.9165738377406,1.34119269622961,1.78806234142883,2.12529000849807,1.30446465663916,1.64372695562355,1.6736504263076,1.01842598049257,0.138803991492532,1.39608620601858,3.11130799426875,0.983688055261571,1.06049267287299,0.500634787674718,2.13711051736923,-0.53405491267596,-0.182120472004449,0.643952259340593,0.341418193922647,1.8076022055756,1.03333651663093,1.5412393002732,2.29483338694051,0.915812763908953,-0.0627012361679897,2.30505207333699,1.53998018480378,2.16244193687659,1.38776821332313,1.01504794123185,0.206712037290583,2.39481713469853,0.288539199556823,7.96602496316837,4.43263220597261,0.380878339170755,0.601633585618985,0.554267646668788,0.0187947950868247,0.93609775390312
1.62324407387566,86.3398552295692,2.12908423123449,3.02206497285,30.1150171173838,0.646839828540562,0.782018743359444,1.5273839484636,1.40238460487529,0.696615706015506,0.798149760066195,1.65147411222018,-0.229935897036232,0.407240443415702,1.33765600477826,1.6944882914244,0.275480904505568,-0.462945338105107,2.57905865169208,0.650470386571132,0.736835566870011,0.712229506686949,0.552452871125379,1.75165817911134,0.801630854905592,2.51386676192976,2.11709354943041,2.13058995470826,1.34100532442678,1.40388729289805,2.13306086913001,-0.533488705071324,1.67250311900593,-0.949247490014951,0.682098721508352,0.718252771242487,-0.362304130444362,8.21884959450774,5.58549608660606,0.351045404944179,0.465247167590941,0.194744185125008,0.0443547481706643,0.3825761201368
2.22843369584445,78.5588850620087,2.29541801770269,2.05506102276668,32.6653561083643,1.57959906931588,2.44315443049461,-0.288800690665883,0.780659709382569,1.42444106788267,1.29285547343279,2.48510942082108,1.36468585713683,2.17495587208636,-0.245295244084659,0.53989571689703,0.534248086643954,2.01451604249663,0.532555040057439,0.50015173609063,0.0772922313087993,1.14479621015051,-0.0435654552663774,1.61059424175775,1.03660075313412,1.84979955043205,1.63218836956209,1.54518842051551,0.0515111179344595,0.552791347619722,1.6183045195979,1.95588892149177,1.63813530586326,0.519778341447991,0.919903633976379,0.600349800454839,-0.449209620800626,7.24769189619978,2.63670860517848,0.462813024240937,0.816211265788863,0.159571511724697,-0.795981186381578,-0.367349044175554
1.96799527365741,83.6799568867623,1.30102477100094,1.5587053931975,36.5616026695146,1.12356689828411,2.87391317135445,2.17546131217704,0.62620662812983,1.88357042692431,0.298293506970846,2.18541175750488,-0.149292533885336,1.00444486693229,1.70034108230907,1.09208707849137,0.17511046667798,-0.17558496451018,2.07794672166129,0.273559923288687,0.534026329705471,1.82738557909065,-0.31950823927023,1.67998317503319,1.22361726453589,1.92733068226765,3.28081831976985,1.19933697445315,-0.35602894434577,2.00025873259767,1.09078623775549,1.38370277514118,0.668208535875005,0.733207947546078,0.53210254606653,0.390242085909523,-0.0823862985313293,6.63321161811099,4.95782452662345,-0.340728597426373,-0.0289693848659054,-0.455801668381698,0.0581846296375478,0.379671622694873
2.63692153183996,79.8414873457625,2.56748621077356,2.20628668249167,26.3003827513068,1.54413513757456,1.54224678971518,2.00134080151999,1.21783900925571,1.1519871483761,1.27644941171026,1.06347961121887,1.29289377320927,-0.45018388709966,3.44779510177976,2.13840761318258,0.138178426711624,1.40514048336591,1.36908946949527,-0.427302112391689,-0.574067096332648,1.55683121167054,-0.0713722999050272,2.10321370408226,1.71259926763933,1.08324394801095,1.57103163202304,0.913846679277421,1.71341687119244,0.335376545772813,1.41019307902541,1.84339336256851,0.790497175897445,0.0861350143606926,1.42546734418191,2.36116389638963,-0.157988812368134,8.2776205664101,2.98786923039097,1.63582277088512,1.08128493277557,-0.530489368604221,0.264555466846227,-0.0414938295687624
1.93661572681429,73.9213955452424,1.16945680124816,1.79337187961253,30.839902302605,0.698328264403998,-0.563539665831249,-0.205052526750418,0.437397608153878,1.0083278731197,1.22813391483032,1.58365230296338,0.41231577514204,2.1964931633134,1.10434254518728,-0.53375744343178,-1.4698689345345,0.599948703381074,2.29892576456246,0.659333865644187,0.65974542489896,1.30639403589959,0.033861121978575,2.5081009045805,2.04691401064451,1.4979831788783,1.73204619129686,0.799627541712594,0.120011593646411,1.11913282914168,-0.0493685663887963,0.987426118738175,0.577625005731773,0.0601456748472463,0.724542687264884,1.58515117419534,-0.118404161133819,7.90355730836412,4.27474180772581,0.161902180131199,1.5601632653409,0.405394484292869,0.152614475389481,0.692115547693658
3.29426685090466,74.9061397150301,2.49072651474732,1.58064876881047,31.5993326470473,1.96337508505562,2.34293087582801,2.90568339024471,1.7727173823813,2.03997077476428,-0.431664560179687,2.16354964347454,-0.212691153941057,0.756969793901449,1.55734433251318,0.744238741473886,0.479591187603291,0.0448822192575068,1.73149121671672,-0.371015904331193,0.16328175984914,0.21879156453074,-0.45723408283743,2.29569793519167,1.52649756149336,2.4059864896452,1.43006439759758,0.620217095307667,0.64154990270947,1.27496767727212,0.047883618735024,1.35019016025009,1.77062802967868,1.33583154317997,0.30808202379138,-0.164118325792252,0.211981849757691,6.78738525157403,4.40633762880513,-0.161490732277637,0.171073419484181,0.162702913948353,-0.0936793463168912,0.46918335727409
1.73231251268258,77.7169135322889,2.43407696195941,1.85946160025607,30.7658444036735,0.983867690135179,-0.00149831040120812,1.29626803621118,0.34875596361025,0.384519135183878,1.68306595206742,2.46676611440129,2.25667399792345,1.08661463315423,1.60757410332307,0.811377364359363,0.779817504569098,-0.219293342632019,2.49372332091771,-0.393479293682875,0.0293416941928176,1.53392197643353,-0.0324113261827375,1.91610993534089,2.97580612716866,0.645010518953974,1.60046962973418,1.38621984136763,1.16622168829475,0.809901820563036,0.385669015524637,0.467163022151356,0.657681348356367,0.757991627856646,0.755280710527233,0.440432812852607,-0.00449136226768342,7.80666273057239,4.37273387550458,-0.35600461419182,0.588655495849593,-0.228477625667686,0.154438556491791,0.116539546557022
2.29423921182781,81.9016275905114,2.09190912576138,1.8800635782819,28.4896374654594,3.30551571675149,1.59600719075777,0.896210499666005,0.000918653060692054,1.28974036398409,1.91760509832538,1.81079125250738,-0.29461320760674,1.02710873358348,1.89657551729682,0.85630562918039,-0.278437084204362,-0.638228729909322,1.38186811644148,-1.01368020614622,-0.269592169710759,2.12018528197579,0.286412174665718,1.3880701083983,1.24074316622165,1.13082426946425,1.88761881069878,1.9696033569912,-0.0223193969373116,-0.569822899095335,0.403019320611942,0.605867846509042,1.56447678610297,-0.619646626779873,3.52658178335922,1.81080724863173,0.55996453946116,7.5641161336559,1.85502256672264,1.7117927372434,0.507245650820713,0.308797466800086,-0.266461538764511,0.275256977234275
2.66778874577309,83.0267802704883,2.14077098369768,3.10307415384219,28.7611033533029,1.35624868753729,2.40147802914801,3.61184554512753,1.44958357348784,1.47052460295363,0.858428680516785,1.94494516547313,0.25443338897946,2.04478943083726,1.05910260056258,1.30111338171268,-0.138874161288256,0.308362552908433,0.607170056945507,0.477517289641786,-0.44431610318958,0.534686225811238,-0.157651605356373,1.01333018482195,2.45604483052752,1.44388981185932,1.28527964456537,2.26896924059804,0.347553549854086,2.37191372750353,1.72217664988437,-0.0258653899193363,2.12821905028669,1.15831429436759,0.133880175828458,1.36476798616041,-0.0074222752552901,7.76123573277545,4.7100201627008,-0.281743118687002,-0.0460646523140702,-0.171894936120375,0.293520497318827,-0.288273867164364
2.76249546413009,73.765531090751,2.67684741190053,2.45122820085563,31.8652005965646,1.86607089685315,1.16581099894324,2.43271153585034,-0.810710697780163,2.99278908391388,1.950185349267,1.74772515538259,-0.195060221463758,3.28575687201017,1.86650506163691,0.663315514429041,0.482494606355462,-0.231331181112918,1.74468138794494,0.777797861615199,-0.576438986602801,0.889132175311029,0.0282681401490319,1.57751191486821,0.725878696520196,2.5695720115175,1.96856361570661,-0.28475445303902,-0.938109948684049,2.82628178434201,0.603962713596868,1.53529654992782,1.00675555448249,-0.498924365550782,0.473746053552529,0.76906068467997,-0.108549935877368,7.1843290720758,3.7723444692947,0.352679499952492,0.574231176087142,-0.932050884851621,0.0695012420752982,-0.0216730588050414
2.14361926010088,85.8227115630711,1.7871150151552,1.52987950584405,27.5159507478845,1.65200477082557,1.79035741619532,0.978899950045838,2.21047172358217,-0.333063808456638,0.532958764205908,1.37356472443037,-0.0962021670692662,1.81190500315371,1.36957467204546,1.44959953067607,-0.159490480941327,0.506539192059829,1.75123809501649,0.761961791381237,0.293454643855925,0.973908240726158,-0.0300061533494645,2.19803878229978,2.08534785287989,0.626054065199767,1.98033749874243,2.047055879786,1.07720445685381,0.227635847002056,1.11478004664741,1.15263810031058,3.14067101355897,-0.327049939277088,2.49188436591732,2.57339562062341,-0.142059187759026,7.89441634393582,5.25459248263651,-0.763572627822964,1.54326225323965,-0.630969983338058,0.215301608374789,0.115825135650807
2.00153576083519,80.9816961818675,2.25683100184288,1.92776754912655,30.7692247938665,1.11446603325814,1.74090143980732,1.53941177257235,0.668742256484664,-0.906437356615439,0.739086801402491,0.452808589104049,1.14010648681014,0.831908579031744,1.61706654723334,1.23942450637354,0.0894863914110654,-0.279768272731127,1.9346758490283,0.408303223567855,0.510759435897477,0.133819696558344,0.41690302039849,1.45243798810171,1.73669406544871,2.58899359939476,1.20424118644961,0.775043602318983,0.180433857110333,-0.265998276801766,-1.53906934142226,2.82690420737851,1.36017969373841,0.567106879618282,0.687964696384372,-0.721491645453945,-0.0687964347790336,7.4525413608819,2.93287776194296,0.420037486099738,0.843478060005207,0.0745203335978498,0.063489312477004,0.287061040074594
2.67032436417982,77.958545947608,1.6472271472726,2.3254684747547,30.129617508136,0.283656630266792,1.05917828546862,1.80784115775262,0.397227620266997,2.78691643967507,0.0165505247479962,2.02424895347559,-0.331388407243833,2.2761563019475,2.51975755613646,0.831111171791062,-0.420038453144379,-0.0417780328928396,1.76315032566272,-0.174051899776458,1.61207430540307,-0.468881779593626,-0.177127270339912,-0.0977560561293337,1.95712236461694,0.432530730640883,2.09429356518471,1.96213152702277,0.713224309759841,0.93801643840894,0.527715538569116,0.524164561768543,2.38428220307518,-0.0413461531307427,0.705202479611117,0.966477166072991,0.0170832481789904,8.34678446537236,3.38667935193299,0.438934362996394,-0.716817132640967,-0.198267134088703,-0.115625162280448,0.340255915883334
2.23459780140308,83.4494725277102,2.53840766816517,2.30349375875292,34.4599608293302,1.04917100372612,1.90839001501893,1.09055907818246,-0.298030633094308,1.23122371870014,1.77009840722044,1.18868603494143,-0.588812002516985,2.3076801537852,0.116115491554728,0.986728489628448,-0.240884588849953,0.114526003725808,2.13142717675865,0.86210176718501,-0.0159771498905819,0.863379229987589,0.407776389616524,0.470893455761605,2.25654291720777,2.11068758614234,1.85272322429562,2.62490612331998,0.738465192731424,1.79113902172947,3.00136100026002,1.41692670095665,3.56927691766446,0.0988175276556,1.04684949393857,0.49219852624261,-0.0894116418439696,7.46219491524215,4.27530478601627,-0.0832748073375941,0.227960865237092,0.0737215861790651,0.169190527418225,-0.295776573743113
2.07538025031181,73.827886298179,2.70609676101155,1.22447369266608,27.2868166828697,1.4578708635875,0.443637417412012,0.789891187522009,1.36204110433997,0.515922314596533,0.73049005109537,1.47265331477701,-0.124811803367531,1.88982179403573,0.430901749520819,0.376567162541762,-0.815545315700511,-1.1911982936025,1.06570860333078,1.70210303096262,-0.0825615596650889,0.894713929023271,-0.0478866041561278,-0.754558507166276,1.71483622763364,1.70709740097032,1.72274088252436,0.767822638690624,-0.164638257012097,0.546111757678506,1.10169419350562,-0.613494672527046,0.681062537707588,0.902281080829186,2.56388317766226,-0.460481282561296,-0.307076853060385,8.00115624060528,2.98859625318095,-0.0012853815723034,-0.0322346636401263,-0.58293641577961,0.643458103104738,0.601529337672651
2.71931927144317,75.7219867946802,2.14565788635115,2.63655856828697,27.2371359189172,2.45566356967032,1.52814808606725,0.808688699715484,1.18593470637395,1.31974591919676,1.60074105217245,2.04926042293159,-0.344752022888589,2.3369441212197,2.15295369260977,-0.319429264547672,0.126887597068223,0.419254727281954,0.985890786055134,0.95901725061587,0.395212932746714,1.29807692651016,-0.24595843270565,1.43909674528829,1.72158271429891,0.665074079601259,2.02280133716091,1.60583751240378,1.07899799686292,1.04572509315605,1.04622517195628,2.11680729022648,0.794619923856419,-0.560231341546806,1.69859638455882,1.56958435121218,-0.178605403115408,7.78337457204689,4.88293596360122,1.20015662880227,1.17778139112271,0.705816727080289,-0.112132373366937,-0.41379874257497
2.23930720850531,76.2662864624018,1.81296079631942,2.09249398257206,34.8414426445079,0.878120800495034,1.55561907259238,1.70593361506944,1.31190739339211,2.40369569141522,0.896544083231064,2.14115444806016,0.0420303821232341,1.14870491324729,0.976753613105042,0.155281311814171,1.43887419238206,0.940928297390816,3.23480080720849,-0.498364042242824,-0.31405259690762,1.70360904862017,0.146581263452753,0.813761891864282,1.68468652159956,1.84640589674044,2.03556403708205,1.65088302174523,0.544188308611243,0.254413039037519,0.364145303097747,0.840124796924827,0.905361973310047,0.232981095890706,0.714528897199231,0.910938422117901,0.447371439396164,7.72064910533938,4.02824748058563,0.194190322834141,0.550866439321632,-1.36764356166915,-0.247364092451843,0.16548289000482
2.49726242219687,69.7487381245851,2.91679794482482,2.42068049602649,30.9829116266841,0.0269584794154372,0.671254620796763,1.55057651732418,0.540096957669652,2.10896992609872,1.83322060019512,1.71606267171633,0.154399128459257,1.14219363735135,1.41732593893121,0.789006106859377,0.133401884514318,0.691636238814172,-0.168311821327804,0.856212848619267,-0.28677138658349,0.140465280850344,-0.14620312062995,1.50243760906377,1.56643703614387,0.842114712576813,2.50861386090761,1.5229912097406,0.714469166677446,0.470770298182295,0.53323057409638,1.87263569394939,2.43069340246054,1.6117868176393,1.64805480017608,1.27711206305963,0.176770676353626,7.73870795292276,5.1006901687301,0.214764927764483,1.08895677594379,-0.131185778544437,0.34589810053351,0.815888847180013
2.56200124874439,77.0667815104126,2.9641989337583,2.74040343928972,31.3346367624604,1.79112561272364,0.977985390122845,1.33198726260512,1.1081094795289,0.39815733059957,1.65648569184435,1.25120477855247,-0.288913452972129,0.540763979414548,-0.313782813764627,-1.39823065741727,-0.740095687248929,0.330493252677429,0.796825282384307,0.471749360746711,1.02201338024381,1.24530845757507,0.24050860717821,0.301815734382051,2.01136470477068,0.761936799599647,0.994432511739207,1.71308939032939,-0.400626847732178,0.0977539083087282,1.51022913198287,2.82533497878001,2.56577609484067,-0.751934819587862,2.53291698086499,-1.06545156787967,-0.17336614948834,7.71524235848001,4.5529078115745,1.42969100811833,-0.0563883934091117,0.583098789788321,-0.455073568604691,0.74043095592476
2.54363676212137,70.7050158894368,3.22143669346123,3.17527244861955,28.5898195957764,2.50057645627542,-0.997556837727277,1.42662351475524,1.85207605951261,0.0652191891881886,-0.0539985501228016,1.95070541878471,0.632790950596274,1.92560969251245,0.1710644368175,0.434504548717294,-0.352423819418504,2.32071602746292,0.819966625210042,0.41936533465758,0.280199453835408,-0.80929205697193,-0.0318101301101777,1.44913960903508,2.52304866260811,1.337089408209,1.20254972396575,2.62728741266321,0.246953321771149,0.342003500216136,3.24712185385299,1.16167889939985,1.04758704485751,0.395254199509774,1.54516108088598,1.78689615467366,0.156064576421897,8.0180580534569,5.14210117591397,0.113139852846638,-1.09285186365024,0.070896375791794,0.658982844013149,0.48205642309733
2.08430590455349,76.033902392791,2.81813971387131,2.3615552796738,30.7608305771162,0.722120467091384,1.00365582597636,1.75141386852999,1.24786135573626,0.466237634264138,1.49666644508667,1.39985598472705,-0.290119043817373,2.59683061712686,2.06187459553512,0.634097499311226,1.33334668401494,0.277498663157767,1.9403594272203,-0.319072734148103,-0.109964879469534,0.374563420812419,0.134863902065877,0.718262363368045,0.403638147776412,1.39672752447937,3.11444289628697,2.10467972654456,0.63130897835596,0.766174002447426,-0.344970864179252,0.893315719764636,0.982792202797808,-0.318458369463365,0.324750480986608,-0.481351495624546,0.159492678723869,7.87665471243622,5.2377907920917,0.0934316452102011,-0.279444146428528,0.558193902256002,0.264605265082095,0.058056474168612
2.55974140407504,79.083703728693,2.19838240139375,1.54154373644664,32.9267928286674,1.9045752279884,0.673747992985403,1.1020126982506,1.22070078491092,1.70288025446961,1.15397506155313,1.81612007230508,-0.600791685442087,0.928361477765417,0.990793774617143,1.6975474557991,-0.652624913357374,-0.180728956834323,0.0249930254173469,0.841374229661703,0.961217862418327,2.06736278529282,-0.14738966345189,1.08197653837612,1.26639650707661,0.116976941443815,1.8910855920378,1.97700875512814,-0.366585544735568,1.74163230454726,-0.696440042626778,0.839117721677694,1.31425630993904,-0.819529023325699,1.89768223120739,0.586760824306612,0.306247318886158,7.02417158350705,3.1330342053112,-0.462617937327251,-1.6759703992873,-0.69810042862374,0.382159070032086,0.65543041316408
2.11884956797185,76.7029544860219,2.72134101566403,2.12009768933068,27.3166484594431,0.887444531177821,1.03811987156711,2.12186505883613,1.22288579393012,1.71533876594342,0.565253691179032,1.26795256596018,0.449675360506757,0.164291429236904,0.722282410075661,1.89640137662319,-1.19367769988393,0.331373688190482,0.593291201448712,-0.883526264892723,-0.190939066449627,0.61274875972736,-0.2474373156889,1.84364968475734,1.81312820972555,1.69275031988237,1.70618187600645,1.15131234902311,0.510004674782467,0.622523193665203,0.851992529878617,1.20781878666532,1.01950146220511,-0.0642743328607037,1.5029416821356,-0.344494857849038,0.207203206816219,8.125563210237,5.80487316115769,0.262270577844773,0.617400949780589,1.45849575611404,0.20945315631491,0.46766512491419
2.29353775398274,81.8262173938323,1.95648464150485,1.08465355467734,27.8812308050568,0.810640172476347,2.60109864564687,1.43039606333454,0.677945590187807,1.70490411876765,0.892915507454326,2.60926620891269,-0.113251236776556,1.69304165384905,1.04560427814544,1.70153824814006,1.50562294191842,0.427600474203847,2.15443760746336,0.193184479203607,1.22592000611168,0.552231700096536,0.343235637605128,1.44039602080088,2.09319068515464,1.07070581401191,1.80762748968342,2.06338424167913,1.14347755806387,2.28589339341233,1.99731030990753,1.29481274696912,2.13325696261878,-0.232176648425101,1.92255680525973,2.21127095425002,0.328464988036668,7.44823922059891,3.23927938745924,-0.976429133002903,0.36286235133348,1.28189365232416,-0.0774968233857007,-1.05502497721093
2.72029206423347,75.0825654138982,3.12312518530339,1.91622292089567,26.8168771702292,2.55293460729425,2.60621975997815,0.284782870852546,1.31117347143302,1.5184774054225,0.142377045604605,2.30610156141934,-0.63484575505014,1.7854854020903,2.15558560867538,0.726791569717637,0.492728257033082,0.00324615159318878,0.384759715652073,-0.465842709438143,-0.911093118780679,2.72579463654523,0.389425925971648,1.75940806189168,1.341178263627,1.72757347015915,2.16192464722762,1.53060002238256,0.805253817537581,-0.00743692157063836,0.928174120746874,1.09332006942451,1.91863974601075,0.928145573701091,1.69934905221565,0.76416494208033,0.168743729735465,8.64119973745106,5.91162925677955,0.192125456799626,0.320048217127793,0.418330633669085,0.503868828029615,-0.0949582665077729
1.73869678109118,78.9239221648648,2.45564851892868,2.99263093119315,35.1208931023076,2.247136828295,1.64142893906506,2.14289356870909,0.340339003390832,1.36653100082893,1.57330832988733,1.78281215433245,-0.00681971223779021,1.71349668966471,1.0734198504053,-0.0717193487986014,0.326689600814195,-0.127685423685193,1.64951702533265,-0.180819712386777,-0.105428838963959,0.957248248035331,0.494606117511265,0.832900445862446,2.41027453978436,1.9390231629506,1.06783344548505,1.70565259371306,0.738277567101412,1.02343357967102,1.57300229505763,1.36258008905758,0.39265364844795,-0.406803122458512,3.05212139389302,1.54752108799871,-0.101665341752144,7.03793975132669,4.19480198201912,1.32599823790902,1.04750920082511,0.715908171851657,0.158924681367457,-0.0764297282265851
2.68365033882632,74.4547155089269,2.63584164317071,2.55229459994026,38.8736546921997,1.89798069929168,0.910912054694825,1.48766151797863,1.67212149680779,0.77178586407444,1.64525001025429,1.60122566000391,1.71861236859579,1.70071465792039,1.45309040488563,0.795768705021653,0.434034004218501,-0.356144064644515,1.30453738840793,0.856901559262582,-0.232612116467892,1.46724717848852,0.0343136660152712,1.24169641256449,1.53954622178169,3.09695469246031,1.45569622792448,1.6206978503025,-0.360364543792889,-0.0896889397450519,2.22022097098555,1.89252492559098,3.27207116922015,-0.819033692529315,0.499964242669437,0.47550796328704,0.252896416978174,7.29028701727225,4.94700888507307,1.04302042592034,0.199769095848254,0.570139108307259,0.205589922954778,0.43802766041996
2.43326105730655,77.0552495469634,2.01853889377617,3.15825914452516,30.2239084182937,0.829719359750917,1.64434367911889,0.328142653081826,0.0984059885284176,1.12536305501778,1.19058069022212,2.0300954160721,0.463660397986169,1.8640918568481,2.1931699611283,0.360249876282924,-0.548385004923116,1.00216821036046,1.4460738544129,0.404275463863742,0.467704127340991,1.76994239146739,0.168983255090414,1.36235128288778,1.36725175315242,1.79223422555033,2.26413579695945,1.11317026612439,-0.52358162636359,0.220011847914115,1.58098721134276,1.21726798792431,2.67676033722535,0.861069556205961,1.30093616967615,0.362150905321306,0.0979384770913805,8.20911194875249,3.60002312932159,0.0975616394736291,-0.353406307712073,-0.26705346130131,0.0475819917709443,0.832493759257278
2.31557318134918,81.6325150169299,2.61735416782733,1.86537757791135,24.937326919752,1.0790412701663,1.44733270242213,0.797111189934466,2.1674862092684,2.37683071435054,0.673593479367556,2.10020632816799,0.839217723885546,1.88098939165316,1.20563541590252,0.667501190890905,0.000829444878974683,0.904754897765474,1.38248676930138,-0.43484285078496,0.642830816581635,1.39772675167845,-0.468577529078826,0.0206287885906174,2.96918918357146,1.53402432332613,2.31916276655639,1.73717805174835,-0.00176381911918799,1.28002418511531,0.666703575722853,1.33357670317326,0.276561291659353,1.16343736684823,2.86117328672691,-0.359389541336959,-0.185061527229756,7.89541060803783,4.67753740397304,0.0443403910641247,0.81011435579516,0.271426654465018,0.426342990507182,0.389035638921784
2.37802240839812,81.0008835717468,2.47478906074046,1.89661350875374,31.537937846473,1.564298683617,2.2302565796184,1.73377044936942,0.0854427581950967,1.09590923755638,0.619790428074544,2.17293535159194,-0.487017155083058,0.372320842817204,0.326268310773933,0.986863201400887,0.141001408593155,0.14977279742489,1.63501770577806,1.08607485520336,0.434094708033246,1.36823677066353,0.0997872639579355,2.05197766467091,2.25423705035256,1.18323845330499,1.94632018257717,2.36171710138596,1.33110651046405,-0.0803987891228871,1.33534685249186,2.70315753900051,0.333865563256428,-0.105469596833864,1.30049352056389,0.449843487251941,0.0582254030436174,7.1509532855672,3.64429463002699,-0.202456700647926,-0.143166517360567,-0.650861952065408,-0.0294794415647022,0.0964519876197981
1.6810461950544,76.2812324351502,2.78685119411401,1.32780509617714,26.6853404135735,1.59602493358926,1.47897157114148,1.37343718528897,1.12389712598581,2.16038081865492,1.17093697720869,1.00638024031607,1.80706316148228,1.63840040256649,1.65810974138285,1.09934858326101,0.585131810650603,0.275801742624568,1.28213755822306,1.10169047291815,0.238193027491918,0.978619968886646,0.18544444952866,1.9074201158795,1.93998231866453,2.59403794284314,1.68628770678183,2.93492185226455,0.404938635236419,1.82062980765423,1.04140805334214,2.62314789046728,0.642553666301446,0.3273810609697,1.02691488760109,0.00140954598787446,-0.0585082931473733,7.76773932177537,3.15917980686217,-0.0681969843844792,-0.741057588188094,0.404762179429611,0.178000647982493,0.100144047934202
2.36215143904697,73.2449086721456,1.9731259645691,2.00141273653174,31.5629277825373,1.34499958811823,1.30647924276339,0.95128365962884,0.0702931135285398,1.88119526320966,0.219438703764038,2.12688387704993,-0.176615637638199,2.35374254076923,2.10324608976439,1.20124478836068,0.325079167677044,0.154231345432368,1.36593847991665,-1.29768319208598,-0.12179493278502,1.18440193828154,0.0535249006689287,0.853683061618457,0.496889488580189,2.50276160444454,1.81193141953329,2.49618826576459,-0.321382066997183,1.32324643426393,-1.08385898058882,0.511104847114411,2.4913899431187,0.570655284458711,0.36377389315616,0.979345805584555,0.114325586657502,7.60206633745646,2.98340912548347,0.70532182246573,0.746076957878354,-0.325763003712293,-0.149346375794197,0.350494631300132
1.99110499281032,72.7864433988011,1.58789583670423,1.50670752567186,31.543145249637,1.5206071893376,1.42538289741427,0.613789806356158,0.389543902281144,0.620803780184767,1.40525618034884,2.66470790785318,0.474631550129339,2.81454350159296,2.21465986289027,0.848572711722573,0.713516543670006,0.300594608626463,1.19193272038816,0.747921003805504,0.019402369939303,0.831449715241513,-0.240897847824527,1.74786474858064,-0.72589976237501,0.645346533452327,2.41732326911819,1.98646757679351,0.396911545182531,1.0817983617157,0.269656873892858,0.233977172187907,1.70493812067547,0.279786344500431,0.720970843626591,0.826063776703296,-0.490013007971146,8.05171891003898,4.54341750027347,0.432873788663088,0.150479891221254,1.13174516067887,0.341459920770234,-0.217145917028044
2.2189494618496,81.6950918644004,2.63547034651051,1.84032356954528,29.3510951569796,2.61536388653838,1.26388890360652,1.23409613739353,0.490090673376639,-0.79941533066609,3.20416946530855,1.79353294299595,0.0296585269422288,0.967670828871896,-0.637942587848249,1.39768457331868,-0.141366630694299,-0.895765579610134,1.69616535569346,-0.974019262452837,0.00908821197124779,2.30522293935013,0.0935935842257388,1.09130441387152,2.7302300359666,1.24818255148681,2.69780596491626,2.26102324493054,0.833278573674602,2.12332883612655,0.413023097041977,2.31857721548092,2.30821835329782,1.19320323552458,0.499961069238905,1.47207710608849,0.177678620840179,6.87376655277498,4.54411139580572,-0.947119381997746,0.652350340691436,0.722320828292175,0.107704089238819,0.207084429443647
