0.0994683745668212,0.169210961265827,-0.252613860239671,-0.59406375811295,0.478363319806743,1.49930747195743,0.884482419230727,2.62234026460989,2.90067693604295,0.898549861898063,0.319033217882621,-0.944066177473116,-0.30592261713371,0.600690065236823,0.766656765543149,-0.274752754338187,0.324102283287534,0.515764238539553,-2.38863819005157,1.72527593262671,-0.0183220933902072,0.0722685358714876,0.301441198119034,0.192903017451839,-0.308509679705936,-1.81672386640112,-0.02881859168413,-1.44180244776774,-1.95955642340549,1.45533416784434,1.51694130525727,0.485451770948198,-0.0341189614884719,-1.20521695391208,1.0792491926215,0.663391015323782,0.239381105795314,1.15481161724711,-1.61875468481847,0.482367161105718,1.95122483046111,2.46679596983855,0.275276175530986,0.104969935088796,-0.0842219122597714,0.207416878403636
-1.25122973469995,2.11118536008396,-1.73327032087202,-1.28472105932202,1.20247798326121,1.17963434520603,1.85195897143206,3.75070348993676,-1.38237571310236,1.47013325704982,0.463665127936799,2.25074946395159,0.384114017790051,1.88750834221639,2.86240998593718,-1.86207016567359,1.52058453194643,1.45463252834983,-1.74167623451602,-2.89284638124252,1.89199240180979,-0.731131207256927,3.09027366482329,2.92227764944503,2.60570542267853,-2.132109292968,0.507287221350552,-0.0816892352336362,0.00445138974310888,0.913246752843068,2.01365946462832,-2.17863197200487,-2.70969095274088,-2.42567070994913,2.27277626895001,1.55072415139811,0.296594987487325,1.57455664619434,-1.57043894723372,1.27625932155012,-1.96876344410576,3.14765001942098,2.608915082985,2.10164594727489,1.11841683387309,-1.16251525739545
-0.295141758043068,0.414155447956548,-0.803048691628387,-2.65050284567852,1.06625008139404,0.273141304850688,0.627630714335163,1.35835313512372,-0.343691251266452,1.78800696095288,0.106732826477159,1.02660552591833,-1.61398876002096,1.19818640949939,0.744590187344341,-1.98208078533903,0.376441862426104,-1.25448278691104,-0.0622135772600265,-3.02762244359992,2.84736308718219,-0.357060812680269,3.47928002977005,3.46508364624403,2.91010795391454,-1.14678120505637,-2.44301058146596,-0.243944347055515,-0.336795024132432,1.01353404847031,0.966744322329735,-2.2646525610466,-1.65205684489065,-1.81599063615041,1.11812707244747,0.403776741877017,-0.0040237276156081,1.70136842904321,-1.50681892656019,0.757824312503376,-2.24045559890785,2.19219822579333,0.41910541690234,0.64682345610565,-0.404037594340469,1.55512327270763
-2.96559069747534,3.71589450911,-2.11176619044916,-1.96043446722576,1.73504038383676,2.27885271372009,2.98693254825159,2.73675095465817,-0.687599028040289,1.91386913475247,1.24556257097847,-0.170027403626397,1.57607790569778,1.01028416638483,2.49685118739153,-0.320161796186134,2.01135937209281,2.89126052609435,-0.928455131031963,-3.36036751370973,0.817150445435569,-2.74460780060578,2.46358537265045,1.53474588183304,2.42078985612629,0.62512559350312,2.50444864928975,0.608806265895228,-1.75571110653115,0.223135767068492,0.474102865357696,-0.23898421291942,-0.197177525143803,-2.10950817552695,2.73481302629832,-0.207266223492859,2.24850882799844,2.20255436624815,-0.394024969382694,0.833990729275635,-2.28249547619805,3.60411217061606,3.39120973373787,-0.114911751040712,1.72145752995133,0.493519896699793
-0.971470964906635,2.53316649803224,-1.59240630786175,-0.765659051996476,1.08975227140679,2.35601784405737,2.39222041157705,1.8892063766122,2.06336235595066,1.5779475443335,0.497167199849411,0.889343648108482,1.08350743109121,0.135768241270427,1.59074072703491,-1.05880332418841,1.38843552612482,1.04844706267734,0.187159040371712,-0.449171113076965,-0.483547712879732,-1.13799185655266,3.26012928820654,2.63402812665103,3.4998403997004,-0.131222020001418,0.738031413866946,0.999315090955552,-0.45282931765916,0.117861161297536,0.315708095353563,0.0714743796597668,0.164606520984593,-1.08113333679734,4.50485261318772,-0.562592210905242,0.802068915209717,1.39553989557767,-0.248872406324854,0.415581225224123,0.304832844291063,2.02409849784421,2.58058936029932,-0.0576607678771339,1.14871350342865,1.19372565549227
-1.40789009726088,2.22419424718779,-1.36726426134935,-1.36649541590181,0.821313305171951,0.784242193402902,1.28926029710208,2.21065172226483,1.90974895927328,2.85656170612324,0.425639561367267,1.24707109892805,-0.974057264106604,0.671017213212077,1.10825094534186,-0.631682956298339,0.563970061897829,0.529553007183841,-0.25061776349659,1.4420230753508,-0.106137980048283,-1.19592690242894,3.7338489727831,3.3705038469635,3.97008879795269,-2.57339178695501,-1.01918369748707,-2.01539194964361,-0.439036836166998,2.48171354425056,3.13610625976115,-0.810293886949553,-1.13106709500046,-0.741674933403687,5.41084393109977,-0.491693571565885,0.904109770607386,2.20916201801806,-2.69712706290032,-0.237355495513895,1.90503735300369,2.34255600843771,2.13551974745292,1.76351389143313,0.483230366424423,1.21130215981648
-1.33472154304177,1.72515400527332,-2.55213447362873,-0.933953325437019,0.892735316140081,2.64882373089941,2.51343851024254,1.05740150776079,1.91262961902195,2.49468097231896,1.28995605461712,-0.131488724227576,0.966775998862886,1.53130948688443,0.309815588521753,-0.659437773073716,1.18105823754892,1.30909694845688,-1.66751318570485,-0.553593868139651,1.39880443898142,-1.38795617194223,2.10421731273732,1.7604633127421,3.59766217412683,-2.45467975529791,0.800743293683243,-2.50069096514755,-1.92449425893552,2.46473322760505,3.17567690741822,-0.853856288148964,-1.44460632109248,-0.433169071329919,6.24310673398799,1.45828579250154,2.03032645304543,2.79541765819059,-2.29885037626595,1.14408651127696,0.246062053275673,1.30273573763733,1.75397988115256,1.15634058353181,1.44619290667794,2.6279375251112
-1.22057270927271,3.45024369433181,-1.76202236369187,-1.54570280995373,2.22410965286305,1.98042974303423,1.97906852846863,2.6730268453721,-0.321602625596595,3.25114338015012,1.42406177551561,0.898416643850599,1.04063524408289,0.362360413939343,1.93769027579659,-1.60575613855796,0.53015473517521,0.9152594737354,-1.90387585657304,-0.896016904853216,-0.342749287110733,-1.34558086816207,0.645369494644181,-0.898202248185387,0.982394818534157,-1.58124667313491,0.272751581928821,-1.29277829845712,-1.46760250917064,2.03740777045736,2.1149748399066,-0.672667854915228,-0.903500274828403,-2.27680141567011,5.33122747756091,-0.889974977726875,1.42543736331899,3.36554572199466,-1.78677729594469,-0.0970515782227879,-0.423150154697422,1.76678154414265,3.03267647496808,-0.207847271260566,0.877155836113,1.41251374785866
-4.06055332671104,5.87429362834453,-5.77204124780851,0.069165911679688,3.03562838464664,0.82477350085331,5.3052669083778,3.74583547052048,-1.04198481880859,1.32157213573233,3.15010976799803,-1.27808810627419,5.18854703948515,-1.03204078324839,4.34458762548653,-0.129507178886028,3.83002836679812,5.67214513953667,0.335359911248947,-1.89466237456621,-1.80306774897948,-3.9031081603508,4.20215993725506,2.54892201753088,5.14810871603709,-1.66564255957833,4.93331713997392,-0.617876735752954,-1.12521683051346,1.15040827012759,1.51706729880782,0.501466638954239,0.426313779254486,-3.18835119436023,2.08829738606292,-2.73585365088885,3.88675025332423,1.00682637516147,-1.48885504001029,-1.52963884401648,-1.70426831750609,4.36317213409435,6.98695743848639,0.365870042210029,4.75741266810525,1.39923458087716
-0.95748932343668,2.16948948811341,-2.46383762244511,-2.03146730292594,1.76778833049826,2.26788853110213,2.08634691249392,3.23379357254234,0.583370532578419,2.11012743687923,0.698220024922767,-0.0277753571567427,2.09982338029107,1.70367480309131,3.86428869331652,-1.62204369472565,1.71451739580742,1.4467432060509,-1.1275697884771,-1.69977481082596,1.47769186257635,-1.31171810234502,2.32235649987248,1.87460614007622,2.13007106216891,-1.93049195268653,0.400031320691434,-0.413470823108989,-2.01793801363442,1.30401557432392,2.10017699638699,-1.38121307028484,-2.24254087490318,-2.33657909278814,5.0051766842651,0.37925480381439,0.792541110701004,1.84879944951869,-1.53581537943275,1.32039204767538,-1.07775562875724,4.90100968845549,2.64667238057958,1.65024379952964,1.30968186128859,-0.405276901833323
-2.07844022183323,3.14024199950549,-2.28687194804317,-2.967682104451,1.32437901363462,2.39284273165183,2.60615177745598,2.2200519784139,2.01878798035088,2.05289647164892,1.26792556156708,2.08871540849789,2.32062778474634,1.01050740412142,1.63873060186455,0.0697696217231069,1.86738667393272,3.84877899718594,-1.98085571526243,-2.51569787567509,1.81408681384248,-1.85698065598778,3.40232150226047,2.95926103883975,3.92419844465301,-0.857727230330864,2.7317957455239,-0.19978306986324,-0.789670307408751,0.82093489460961,0.925052242852228,-0.118547598185603,-1.18575417684705,-1.71399147936055,3.44770767898817,-0.201220150961509,1.09030489195323,2.1902106755036,-1.17231235059183,0.716167936825236,-1.16652935772742,3.07311770853115,3.61738073314665,-0.447163720973988,1.74945271828881,3.36259292306894
-2.17432767237782,4.00707472448293,-1.50343989045571,-0.0499989179788796,1.73684391864209,2.25422767357128,2.54297728558522,0.764418076609583,0.459215891539757,1.16520664392455,1.64551869191082,-0.260042205027801,1.42444733734881,-0.796038618567581,0.235166516958012,-1.1138469416388,2.06500829910336,1.45885900359054,0.815748766125723,-1.51129223402523,-0.735292202083527,-2.20289474401169,-0.395732203768294,-1.68235734104856,1.14633829323424,-0.390155621407403,1.20094097571594,-0.248633558504735,-2.60101060066321,0.165116433570437,0.112345410856536,1.11694631145801,-0.646479013804765,-1.72806278738163,2.32737090924796,-1.44674036820712,1.70880436589537,0.496738475387222,-0.182740854236514,-1.30327165917274,-0.82497762380517,1.21475212911678,4.04107414473541,0.0422663289361404,1.54504241181941,4.05299378350167
-3.68561197063626,4.81706778682848,-3.84558062705156,-0.310968888289377,2.44968294009646,2.12334816339558,4.51486599442631,4.55547040879217,-2.67344381860643,-0.57666797822902,3.41233467275065,-1.0881409491636,3.58978416227665,-0.697528094156812,4.00092514385682,-0.860120199625357,4.26583865532434,2.86751624104527,0.0113056911521563,-4.94413957387035,-1.25996301690245,-3.50989529867376,1.03153915942724,-0.149735463366863,2.05129599496224,-0.75733848753602,2.55207359041933,0.455699896606856,-1.38087274584407,-0.382423756920833,0.366947640657909,1.08223659744841,0.583114574651996,-2.08308867150028,0.0923233988077059,-2.4847649053441,3.58185910188484,-0.714080654356387,-0.772450975962923,-1.19271587890504,-4.14593975279446,3.7690576284872,5.27323813126372,1.236165578878,3.69686716583769,2.07734818106967
-1.32456488183797,1.12364576143007,-1.59641525142351,-3.95824312892286,1.67976690965499,1.49006716932427,2.11595750142486,2.22913680921575,1.7177692089186,1.94233117973448,1.91951342739218,3.31933982950379,0.422913540943974,2.66508989657445,2.56822566309815,-2.12669442735508,0.892655697000012,-0.0896756062092223,-2.56147742180529,0.33961060468337,4.45597117440297,-1.39774568663356,4.02797449426022,4.46777821640272,3.57500057222451,-2.23449686248169,-1.31182108327724,-1.10930535044926,-0.294663297760036,1.34063859381925,1.71283802021719,-3.14446877214732,-2.74882045150871,-2.36388282944161,4.01917176197697,1.49130880948353,1.37095429914994,1.91115086684755,-1.23589115877735,1.82526402130313,0.538124231099838,3.93631486036481,0.669745861676692,3.60969990484517,1.1564014498542,-1.13332504450343
-2.24805050411866,2.27842513521424,-1.50601785385383,-1.75780298253533,1.15870354566949,3.29363480819936,1.20718402341493,1.30994608575994,-2.00591751749794,0.618739182378914,1.40692287426076,1.26457902041746,1.06623131713861,1.62857861729631,0.0400235380908336,-1.38685785740705,0.816190029062468,1.13003196985749,-1.42795940231592,-2.21966830158607,2.73330984712086,-2.18887151155278,-0.0658577936427585,-0.247695347399105,1.58327196190888,-1.63756920114426,1.20579821368808,-0.362069758576487,-2.1052616349593,0.573607272240021,1.30258453042992,-1.60290648328559,-2.08039136441929,-1.23417274939174,2.0849255067025,1.67532612329471,1.36127867210302,1.33223662888795,-1.02445057240106,1.96823151958821,-2.08223686348018,-0.481827196641168,2.42785552411559,-0.0473401087637928,0.85170347243767,1.00748039719229
-2.05615205123976,1.03908418737213,-1.33017193970597,-1.45901051665705,1.23253319515843,3.29908241271897,1.31479521416189,-0.163098170364858,-0.677483009843723,2.79110489222434,-0.186353162847756,1.32970548727046,-1.16382434806423,1.25492436578584,0.346282403722205,-0.269090018469356,-0.0345128594513031,-0.599708265926784,-0.665660972974663,-1.67122721935453,1.28917603151919,-2.16505422765168,0.385553066539795,-0.392774403315035,-0.192668992689763,-2.59969764876991,-1.0507856734479,-0.4121458259849,-1.83687182989515,1.50266600430414,2.25152343345973,-1.59739731635924,-0.884342510892405,-1.33001318327435,5.14644560494531,1.18283265756398,-0.25753286634896,2.58518138728435,-1.97093555863943,2.20288852191654,-0.868659768836493,0.593242125524376,1.24250184867337,2.32790383540016,-0.153267066066727,0.697644081376515
-0.860849145809561,1.24462549130872,-1.1549451223639,-0.822286198407446,1.10366979729399,3.14259266825494,1.0590900960949,1.74986978089708,-1.44637048875244,2.60699755234713,0.137531672598228,2.08917940577571,0.738544785856314,2.30762706204519,1.18678094310857,-2.3081647257751,0.307687728572022,0.819496218726659,-2.1428774416344,-4.17193574745334,4.37390376092447,-0.511847666890472,1.16836476303546,1.07830854809299,1.52090604835962,-2.3227645116752,-0.454310130601378,-1.49475469221774,-0.936357071179437,2.02869153390139,2.3262673379169,-2.04540670706732,-2.020154751498,-1.60807469787672,4.68211420400552,2.26945730764052,-0.466845630177525,2.45477383949554,-2.21263337129963,1.77047059837296,-2.5973662689039,2.31297039146372,1.32247052160595,2.48411625655835,-0.0213657535853355,0.85202683823258
-1.82103352897496,2.58744910177152,-3.09314337466965,-1.66016668270131,1.75170216022193,2.466611988987,1.2961187753802,3.31731847267007,-1.99814718470378,1.95500433712972,1.47192218171354,3.06739137621604,2.61874632503233,1.48932318057606,1.91619781005476,-2.55318274643583,2.24806189154193,2.88008371419373,-0.569500450787063,-2.35503150492963,3.49105150997123,-1.86322712486801,1.28827288662867,0.625379218820171,0.936376148329021,-2.37495127327635,2.35603738909667,-2.74805624489723,-1.03016490199363,1.83001940902388,2.76091343463513,-2.47691911170693,-2.3997611975113,-2.14615481295967,2.71989712927123,0.350738073612974,2.18615633619544,1.47650526946357,-1.73430198600161,2.30720801304444,-1.42917886450464,3.55820057287453,2.32676163092758,3.02204331693815,2.37283982126987,1.69054293817676
-2.73171416249311,2.81485542282047,-2.64208800762484,0.563400031175688,1.32257416431432,0.0824210617061777,4.0807321153047,3.48139256603154,0.0414934535489497,0.836548386085553,1.80415945725687,0.283101871417163,2.75923715346605,-1.18389044104592,2.28614384774756,0.592820799488053,2.92930243713514,3.84097073607256,0.898077418607858,-3.63372785990064,-2.98736715907929,-3.00979372924547,-2.02673783878068,-3.49719297275254,-1.51344041574268,-1.8930007077559,2.53407293701854,-1.80152546101799,-3.24706409342456,1.85337510114676,2.34318106485212,1.38171168058561,0.116133668866119,-1.46083558348485,2.27162277207679,-2.46269105064872,2.17075663080675,1.3162404662364,-1.73598190124295,-0.837627231166122,-2.03499594193415,3.98469633023496,3.72752032697067,-1.49561313826636,2.4363876024533,1.74801035082564
-1.80260004694485,0.950733517050088,-1.31052923317319,-0.906609465317255,0.54500190258283,2.09198514808831,1.29118718665129,1.46378832694724,-0.518876077183142,2.63171292813553,-0.210496273195775,0.196229360294904,0.414267606503893,1.77710747414148,0.551273764173351,-1.80688534456058,1.09959149081943,0.379488059026004,-2.02040655396014,-2.4731546252152,2.31419177571351,-1.54948008535855,1.76463703194193,1.3919370228687,2.48196482739575,-2.06249116690338,0.237571442389671,-0.508639351125696,-2.10496056409416,1.56339500075366,1.8907643415475,-1.35096306827157,-1.2608163255405,-1.16101144606299,3.74916855109577,2.08195547877201,0.0709134398329757,2.77644380467548,-1.42672991508409,0.561330234643732,-1.8324420485904,1.19107067725049,0.956647465404335,1.26284830549754,0.374792669052601,1.09488695912452
-0.954663162707704,0.559590196639034,-0.790329387399228,-2.51420187635343,0.737012322216624,1.63892388969921,1.0385073400005,-0.115545387632827,1.8227682164158,2.05998660474924,0.272414851914188,2.98015596303816,-1.03217955357786,1.1939522765175,-0.166123436353188,-1.08654458651798,0.381712860044537,0.453094438051772,-3.00811989401283,0.5885342099341,1.73700224594734,-0.999793465155155,2.21170077356799,2.44202090675087,1.25610205354934,-2.01651201838425,-0.543424447626167,-0.394788741791618,-0.406511775506592,0.929699798178955,2.076189933519,-1.44460828286273,-2.25674292052885,-0.884994830358356,2.50157342962917,1.78278623313043,-0.20110156011993,1.70604124593836,-1.35925390342871,1.15043654667154,0.939415638829213,1.16002739367708,0.705619901159935,0.643073645566301,-0.105215510309712,2.20355478390538
-1.75631055842901,4.24002499246981,-2.60053576313684,-0.661331982939653,0.913978455439952,1.7174389601143,3.54127919371098,2.96922923808544,0.574506053591002,0.65194867629047,1.97389330469257,0.382137033961552,2.47704262909447,-0.638850437127798,1.12371429886098,1.34087135314133,2.78590652650703,3.18728798239224,-1.76507607894059,-1.81023732096869,-0.737951345477223,-2.16920449701323,1.52969989445436,0.870795295634993,1.84832596926727,-0.563042560281923,3.36239793875751,0.80694961599137,-1.74503787057274,0.59552779793896,-0.0361833045568803,0.500030515250304,0.182575664290709,-1.41493845140856,0.0145669945621718,-0.972823978358778,3.00731261461926,0.328671212933022,-0.585502632650331,-0.0417829605090363,-0.72455021160311,1.0728761595165,4.09023511890399,0.747378807512027,2.52487271081946,-2.41848343667252
-2.34713802678336,2.75880655465,-1.64799833216443,-1.87380282787165,2.46441692443142,2.57592663108844,2.19739279860144,2.15079199887005,-2.12327879551309,2.20744432399553,0.39208592190738,2.23452812342074,0.00411522061167746,2.33962705960269,2.31459462883532,-1.71189075664571,1.31280524595225,-0.0142213609843653,-0.77609913046576,-4.06389751017791,4.10754681201932,-2.69745909245301,2.34764936125806,1.9472796258057,1.52557157109911,-1.91113686027612,-0.756409352099199,-0.764880014437801,-1.00681079533511,1.73530471468002,2.19568904783034,-2.57477244228625,-2.69129280125995,-3.19021002895262,3.6478510748485,1.82916735203643,0.223383387556491,1.92907823533497,-1.85885713655648,2.1572638679832,-3.26427297514416,3.66231042095166,2.85097881306611,1.48007259298281,0.933873327757748,-0.959043520910221
0.271928700999717,-0.0248455264098725,-0.132290392823276,-2.07844736181414,0.0569270849687953,1.98094657360185,0.849272439227439,0.991969471579401,0.529265449140748,3.11591829255713,-0.388491123556865,1.75169234895433,-1.09647103746821,1.13885996144154,0.620609041897187,-1.1519678839067,0.0762410295429113,-0.324426131468475,-1.10976709049335,-1.118023613587,1.18524220370374,0.434177747971253,2.26819767302996,1.79441894684871,2.56335720483283,-1.97870886290157,-0.652115493092116,-2.02986000757701,-1.77428976546998,2.70276083005617,3.49481230463049,-1.4016137767562,-1.7742643464193,-0.547347011670127,4.65190608280347,1.36216170969822,-0.884232251335771,1.92928923400636,-2.21266853987334,1.07140710746352,-0.571991780615181,2.32379589099192,-0.403505262833747,0.255583950231805,-0.857236322661389,0.573473717702095
-0.487620242847779,0.103468495850539,-1.23548335493506,-1.96381071359508,0.414293296681863,3.30432464700066,0.456113107605592,2.58719423673384,-1.95008585675843,1.8211391672022,0.858302865989446,3.54674296456968,0.369964984898431,2.07290740324975,1.61750040319414,-1.79397748117887,0.86846746850242,1.74686532772324,-1.42821802238572,-3.49269617319778,3.94366511030973,-0.273806717288872,2.45759417410229,2.87431749775121,2.21140823747012,-2.25123961811037,0.916959104592675,-0.611838076321802,-2.49979697157869,1.0516185584109,1.94410244250212,-3.00602678121834,-2.93944007875803,-1.53641688544137,2.44555020968367,1.5907183066842,1.06328549204443,2.11624368441877,-1.58603473770691,1.97130380531678,-2.87869760103177,3.90164290575107,-0.220953335106107,3.11002177143336,0.483782636042979,1.7651275722951
-1.57823715239334,3.65356045718493,-2.89912048642267,-1.59866875885596,1.80370060234287,0.736530474509926,2.47157923200727,2.1386714419794,0.719134197517417,2.86748518736428,1.48469883670841,1.50770563195505,1.42252603626558,0.466918892515796,0.943132722028301,-1.48646585758606,1.64311264515563,1.99752043785632,-2.95984288737028,-0.505665123762036,-0.820717038792016,-2.11061989519139,1.28536836361853,-0.147678129628931,2.26201155251538,-2.4340362668013,0.909198728303704,-1.51844652325143,-0.531010426810217,2.02573084074535,3.05462825728069,-1.89859840430734,-1.96391718128437,-1.62754208602396,4.99533738297635,-0.454179406175572,1.94880710032921,2.31255744813648,-2.27295781362436,0.437492569200816,-0.105953840525045,1.55614076263547,3.43669069378837,2.08119072978475,1.5348741549019,2.95552187130718
-1.66103242737909,1.52972304446852,-2.13801625411417,-3.18841705178682,1.61305549960296,3.27889363026347,2.29942571208804,3.69586117462548,0.128111198312955,1.57400682797258,1.84708711512393,2.52617846959046,2.71933459273248,2.44858372707252,1.80474570258662,-1.72649978434645,2.09574232070381,2.79996677494482,-1.68415709789257,-0.703074065613614,4.22833001481947,-1.4453870607833,3.12937402580725,2.85243943001305,3.27664047053853,-0.817901399685605,2.27649445367903,-0.844583891144946,-2.00316381076415,1.18785102954008,1.96121555285367,-2.96215353988197,-1.97231002105593,-2.41776285838435,1.7087668730955,1.12903253342677,1.74867328175372,1.61151168298423,-1.33124810897137,1.42086616771323,-0.622864994760925,4.23994769184901,1.81161023612036,3.50100660049541,1.78782125378051,3.36015072955133
-0.82368706271529,1.73344283547445,-1.86482941569075,-2.54046528146253,1.49857570001743,2.57866578699999,2.38987127724554,2.08413411353304,0.57581796558978,1.04540383976976,1.15744482750385,2.30671887477547,0.56734678589209,1.3594450357157,0.990338203986472,-0.999368164750137,1.58483060960598,1.59688323364903,-1.37289954427411,-0.407966703378131,1.35933950555106,-0.786115067502028,0.692167235847093,0.706903693623076,1.37611128695401,-0.9583028725044,1.54655421190738,0.041719592557523,-2.64650382554433,1.05182648531572,1.5331662255328,-1.64941447991227,-2.51052284389255,-1.68794091066473,3.56946891682327,1.26541393273779,1.08006014644043,0.613833609682993,-0.713775313726128,2.05027305786933,-0.0708656072302007,2.02320312964871,1.66492832401691,0.833305668899797,1.20417163753426,-0.663150313528944
-3.74027339234258,3.18571822786465,-2.54450710879429,-0.917716034654134,2.13693091132965,1.16440279332788,2.76323700249278,2.95357304914729,-0.0565340063293394,4.04512739349203,0.586087065788725,1.44833865951627,1.46989829357056,2.02514171927615,2.34399191038676,-0.463129339949039,1.54653923508065,2.05905613640288,-1.52597513009687,-1.75421179283762,2.12054921225798,-3.77982517254605,2.45997710956288,1.68992242796679,2.98324503477733,-3.06754385146292,1.82939078663438,-1.85380948616818,-2.20411410981441,2.83401160033539,5.07830965351597,-0.821005705887457,-1.73748549575625,-2.69951590882743,6.20324390334874,1.18226672736214,0.530148170629908,2.89583679487256,-3.27641889286461,1.39118811092315,-1.40444741361986,3.11197232966513,4.12355717578279,1.18549043389445,1.41521191931081,0.894390894848739
-2.03161631259439,1.39244411459366,-1.88606235027522,-0.618696101574619,0.919011705428059,3.91334808508355,1.60971042229022,0.0232306939240295,0.642310838429374,1.45696395777152,0.96647225512022,0.861330479430835,1.60202721328363,0.609293036158786,1.10946270513764,-0.113350067722614,2.5059178114161,2.45198278663042,-0.328990494538007,-1.29413914365153,-0.0565657441063358,-1.65444276987246,2.06388199968465,1.51718091360581,2.43875531948998,-0.607544038354958,1.64315180883491,0.00845202426229524,0.291435660849119,0.343151640439839,-0.209880988866341,-1.52145249452702,-2.17823550857822,-1.8459189688447,3.78040998838156,0.508725959149283,1.52516352133867,2.41124717241356,-0.0377558924294211,1.40334054459866,-0.826686564812771,0.957882352947669,1.59162687894395,1.53624487347502,1.7975228789652,2.81668076091275
-1.47864663866302,1.52306850515721,-0.793124209235734,-1.11943921472271,0.419818513621041,3.23032004049726,0.801539396245803,1.9317597058986,-0.205668503941395,2.04370522961692,0.267291351458304,0.227164063382574,-0.473532810192667,0.0994278422123178,1.03991797326954,1.85296229698438,0.947481681040737,0.531001107440095,-1.7268731730055,-3.30381560708152,-0.933781673542139,-1.23829742497963,0.923631010649641,0.46144858417956,1.34845630534186,-1.5062391006805,-0.101334785788577,-0.289568194238119,-0.516068609216938,1.43674435323023,2.05729679664874,0.297572771917075,-0.626588733039855,-0.741256351412151,2.29556793333604,-0.727356569599159,0.957798254306802,1.86807400172614,-1.05222901766436,0.318286432251486,-2.07424164846761,2.24616360197489,1.52474348303396,0.0411446526604791,-0.00264352757891578,-0.07147567591291
-1.02077029449744,2.23090959514088,-2.49977200661284,-0.718060265187686,1.59566362103087,2.15752994353002,2.84685265097537,2.09948466611416,-0.405924367239376,2.80992136302727,1.11473540284337,1.53416214159908,1.87220717536749,-0.253827325362406,1.68631050715,-0.110894051858284,1.66129280638514,2.06710431591547,-0.104788288554028,-2.32792906440918,-0.428480735499345,-1.24984474673874,3.03876611284939,1.74336616398907,3.80859684373386,-2.66964253310971,1.67647435046773,-1.09721766553199,-0.662268007896501,1.91192440404621,2.66690391489401,-0.163514092583754,-0.794039275301659,-1.98231474651689,4.4000940975687,-1.63590929446514,1.07084676045129,1.73232086654844,-2.50941852485027,0.348365814704073,-1.85631180323757,1.50407596018075,2.17329880816912,-0.161180183852784,1.33207585998045,-0.906335332835186
-2.58928921377881,2.76207296493544,-2.43761895427831,-2.39896923262523,2.18917873576549,1.15951191604653,2.50929949437703,3.88962737388741,0.197906690175188,1.54834643418131,1.35614177038915,2.08823447080945,-0.107411014540314,2.33534633077447,3.34201452546298,-1.64198545384554,2.15866343252538,-0.303506565444545,-1.32133991873167,-1.65052860786652,3.28172459089229,-2.50939223026882,-0.726732615712571,-1.14953964339144,-1.09778137930709,-1.81709332039259,-0.466503979478188,-1.02953572956332,-1.27463652127734,0.770588144074842,1.21138420866582,-2.63612191469046,-1.96345445059593,-2.37570951709726,3.44548517416373,0.839488971036839,0.65000964436794,0.65574888484559,-1.49134806775382,1.60915495101807,-0.836348775581456,2.82046425471305,3.04454675430078,2.74453655862954,1.47047171190157,2.19817768806094
-2.36547597924201,2.61799739703053,-2.9554520767107,-2.36630313445962,2.41909358513592,2.17948252128453,2.57807371296177,3.82516998840522,0.138922312296767,2.41063450150605,1.63283116412587,1.35755583380336,2.50739802023919,1.89453742977822,3.34454554679157,-2.85325498835294,1.82074449781252,3.2472480447323,-2.3572397824269,-2.34034757722657,2.78429131116617,-2.11159256175229,0.146091338774386,-0.476292951541526,-0.00159139544975392,-1.73580415711649,2.70957569803955,-1.77871486811851,-0.797536572601743,1.53202797090657,2.28929020682608,-2.04286236374929,-2.36138551042317,-2.89477176994808,5.09640130245673,0.763702972714242,2.0247698993798,2.00747010355996,-1.50152649328573,1.95223675532878,-1.58186893704386,4.60117762467513,2.74391771617701,2.82728128895533,2.2203323364827,3.69132342191768
1.44487828397797,-0.0854144238465943,0.44554752471666,-2.49757112946286,0.559657662744978,1.11440019547825,-1.19612383805799,2.79611303890449,-2.21007153044618,3.2995691543429,-0.799873206630619,2.13146019150846,-2.41649329601994,1.35058606649666,1.15616183342491,-2.68806970317917,-1.76530220303141,-0.173060132682177,-1.44706858188733,-2.84414033567912,1.74613516832272,0.985224811775638,0.591724342343383,0.130629748443796,0.556236329219527,-2.79047654917677,-1.60317015620451,-2.77863585278231,-2.70912400052785,2.86810385658412,3.13368721306421,-3.02954252259778,-1.69584542107176,-1.60271790419175,5.75673827005679,1.06482114487586,-1.88361516233067,2.94117502058072,-2.78806568480578,1.03678452504296,-2.76765039441114,2.09373127106992,-1.00718643865041,1.10758127836733,-1.93874386457372,1.88192922489746
-0.0872467729994305,0.704632453945927,-0.895247047036825,-2.00538021027427,0.572258360680839,0.882184645666976,1.26588505017859,1.60469120957696,0.738210922058785,2.63044818529994,0.506692212361656,2.95876337479637,-0.841326817948997,1.81657982365574,0.0180392076011645,-2.9907954094193,-0.228438621646828,0.0809251989955501,-2.52464351696833,-2.17362261513052,2.20326101123876,-0.155280094295857,-0.484017976055734,-0.237100727071222,-0.699893443669791,-3.23218794853278,-0.844696703147506,-1.36030682629416,-2.59033947736983,2.40116465830467,3.32833864931838,-2.69849581207636,-1.93122562334481,-0.85191593680854,2.23585820960292,1.79366228686594,-0.0501101351306447,2.04522461908833,-2.82851861050091,2.32788454897897,-1.33758993989237,1.99725438301453,0.161868583349873,3.48196539809174,-0.369507723237358,1.91723172749975
-1.9327518968869,2.6599074778414,-2.14445488131565,-1.71779503885055,1.75976745566658,-0.363948395389512,1.20822435203129,2.47879419027872,-0.972174580831255,4.32092426463884,-0.753033914988756,0.779525461328373,0.269763631276954,1.07523439569381,3.46821810346385,-1.17892875089935,0.496562544417766,-0.131809948625263,-0.346131854624146,-2.03406527245259,0.627140856672191,-2.28609919358933,3.54266725631444,2.17311995549546,3.04036814570372,-2.72260563942597,-0.280468121917183,-2.27381202950466,-0.478447091498198,2.93912410759405,3.79979519530645,-0.903292624922908,-0.640115188691913,-2.21405430166713,5.93187717216913,-0.240561546792569,-0.472223912697662,3.62207630028637,-2.61063738288303,0.455745262699076,-1.68716754000357,4.52248592099253,3.4137527682118,0.682230941935442,0.316168147309057,2.63282546238274
-1.76208910181454,1.49702502707631,-2.11226148112,-2.46102364905426,1.48708605057663,2.38020108080535,3.0973048491602,1.75539489680007,-0.723949193618978,2.11608125757417,1.79615654849896,3.22429627882551,1.20144115043295,1.68496978604444,1.77860691279595,-2.78678984919184,1.50276529161695,2.09973125914767,-2.84251750521826,-2.49322495767889,2.06069124077474,-1.77388485597157,1.86507257897008,1.92986648903534,1.41237398192918,-1.79970125181267,1.49278146470287,-0.404909812786355,-1.69292135421678,1.43860654669633,1.16325100366167,-2.81352280493159,-2.70206600409572,-1.82927600951368,3.33578895777762,2.29057899474447,1.87798818464163,2.2785893190451,-1.84894772738058,1.86334982931146,-2.12219206202341,0.836703340431851,1.67495620357043,0.927640529418695,1.17647513179465,4.01353039816472
0.32689303186078,-0.21468423034449,0.353171420298108,-2.05163574407179,0.593034479838967,2.48054520471008,-1.26942980733639,0.915849966892929,0.941099520636953,2.18484490521828,-0.414042602394385,1.96741224094267,-1.3259860296644,2.44349061001937,-0.017572207025778,-3.39716332876468,0.0630865164928651,0.364333613265917,-1.40395877523114,-0.684677295755348,3.82528537340148,0.107605699990572,1.86652393151306,2.08305821462099,2.6809379800828,-1.16461612525261,-0.286944182710989,-0.862885183650718,-2.79846423482696,1.37049024597604,1.16805754289016,-2.27104474693222,-3.04477096409942,-0.940252639055815,4.1222981090386,2.4759321720102,-0.852235661552044,2.33099927653458,-1.22912598103378,2.29609795636615,-0.677899856076737,0.361254070124433,-0.112489920462403,0.182650482367877,-0.937589518503017,1.6774792730089
-1.75502536171841,2.80682454426468,-2.44125485535288,-2.11467512439332,1.62807044723954,3.99481776127495,2.00476445136243,3.63549828818841,1.34204055548138,1.97704241764255,1.25801359245173,1.29920306799462,0.642852236010081,0.895733783656985,2.25187069975879,-1.43140168450384,2.17977782726641,2.38645833283592,-2.75311159703011,-0.563216717736119,1.01282850580047,-1.57570796963307,2.25411375131319,1.46896136567901,2.8248962243447,-1.05871784913826,1.24392582157722,-0.945692433359326,-0.855669716232169,0.567774289361833,1.42834775498859,-1.43832289830102,-1.45953878314934,-2.05426111714072,1.85749612614992,0.482596821724738,2.16870142751436,2.26493897352821,-1.01293086525784,0.0744695834062408,0.371394315920414,3.04113419666287,2.42404765645998,2.09943624963752,1.69873664187887,2.59436311554548
-1.48948150732759,1.56846585942292,-2.06349533653604,-3.93577317283737,1.94786912689002,2.62366046479085,3.67988957188651,4.6859170181073,-0.556583528616443,2.71015842953357,1.45726472993096,5.14236849227411,1.36763152169433,3.51859631586196,2.83803405151332,-2.60424422612267,2.00886706415189,2.89429109351052,-4.17004072336443,-2.09519608851801,5.22619532341915,-1.66925043805551,1.06604287065833,1.2800338939435,1.14419398649723,-0.677445972598479,1.73244764168113,-0.519493447491126,-1.48547879561673,0.97603235441433,2.02328199570817,-4.46811601727577,-3.9475672714679,-2.98005795639344,3.88653757621126,2.83857677555689,1.51223998770372,1.89593324611838,-1.05744800376633,2.58811396417678,-1.213217359555,1.70306251528013,1.407001989838,4.42993755962676,1.76487572267745,2.67792610511529
-3.85092173782072,2.33730560708433,-2.45389957691876,-1.31457708369252,1.46534659492218,1.63663408540888,3.05171549834454,1.30168203286134,1.70284535236585,1.90231948880673,2.65905954796699,1.14445663267626,1.26884394279522,0.676804901586956,0.904942042543416,-0.75945122850431,1.96791061275461,1.03905414260283,-1.27887074235776,0.366088536146385,1.07742525315615,-3.83210598062184,3.79353701844598,3.17397161873113,3.69574963379438,-0.773584246445471,0.41487230009191,-0.062431430187757,-2.02007118101907,1.0379660725097,0.258285145231177,-0.696994384415422,-1.81799312224203,-1.70335446948623,4.49094241851277,1.30923423825378,2.74680144190692,1.69667517544656,-0.61109882206774,0.998647505992599,0.988146957174778,1.23909342785547,2.82139185134833,0.94870907206462,2.07563282846338,0.996848819834736
-2.96051082257187,4.09347320352232,-3.23171809941169,-0.871593754616036,2.15655841226371,2.16806812427438,4.16574581830961,1.47176437798823,1.2279975708504,0.368219869251709,2.15365239955819,1.33263769709633,3.72876373162136,1.79972224616284,2.22514770944281,-1.19966550549979,3.44053286336321,3.38780157894577,-1.44286522984957,-1.13139310255063,2.01520969325513,-3.17337092631054,0.570043636127962,0.112516392824705,0.527856667504522,0.0127211029626535,3.25463138885216,0.331466388149244,-1.7567044199473,-0.385871797528279,-0.866555644478857,-0.771847687098232,-0.0378968506646412,-2.13696997224746,0.264348859466635,1.09154229520891,3.32675932732577,0.982567338160116,0.196532370248804,0.954103256198009,-0.65939311708778,2.89702422191467,4.67927929297395,0.785853650417219,3.03208051642178,1.76140200592058
-1.16282817851595,0.91779394179849,-0.947847241578809,-2.3315340880734,0.939993527961813,2.15496326878864,3.06473068406705,-0.580207450978048,-0.943734858067596,-0.839605224939035,0.989437908544016,2.03464870607299,0.235228945831325,2.33172498958845,-1.28421697585331,-1.57659559489242,1.43064441106946,-0.286096478184391,-1.61971717822958,-0.708334842558624,3.59045125621106,-1.09156174651813,1.43736810113403,2.29930688718848,1.53911937411231,0.332035535303835,-0.856412538143688,0.00275288071187085,-0.0684446629781938,-0.60264546599118,-0.714165726483372,-2.13771006931075,-2.13365278620401,-1.03291672347165,-2.62905162714787,2.99354054891048,2.48596397969807,-0.506848111461681,0.1788042618858,2.01626648669229,-0.77878287263363,0.100174429951816,0.847434942889535,1.156349477841,0.759645941413089,3.62269604390714
-3.14751315269042,4.08406654424835,-4.09353522427708,-2.53637083837604,2.85666979672575,1.0094644308508,4.62893143338459,3.56670056434352,0.165197969705361,3.42716823214931,3.352436748032,2.99568533519719,3.44308938923497,2.73150302073113,2.37733324269931,-2.05477898264752,3.2248654874612,3.29229804338881,-3.168689751113,-1.7076869499349,2.54377296314161,-2.76260056778371,1.89310814135178,1.60429664035616,0.181626298819138,-1.35349847508314,3.0758282048686,-1.45046514974242,-1.83349377580905,1.74206139431944,2.37725832956418,-2.60402094934342,-2.44635980909195,-3.29798148536217,3.41503656149863,2.1659296454956,3.91980313153666,3.36344308784387,-1.64278385346916,2.55466793674717,-0.997659165023115,2.43169146392781,4.66867279479832,1.59989664268138,3.20480413790407,-0.521948275559674
-2.59053925918389,2.91756917909751,-2.36156023962631,0.221635814081995,1.40438269369919,1.90145216408134,2.34531456364472,2.56490796075972,0.154179397809807,1.9071386414893,1.6388413190744,-0.740239916409997,1.38675521346991,1.2589841324973,1.98609660598562,-0.0812928787396319,2.31253241590025,2.34587344911338,-2.78424435023242,-1.98511669969723,1.66005955857007,-2.72534842092596,1.04015973452064,0.324136694853215,1.13407749967269,-1.30971420230744,1.39801013856519,-0.18094921619344,-2.6129918278605,0.713900488085762,1.02019553987825,0.471184990635147,-0.443190335573603,-1.6567284318609,2.00238675761245,0.820641794633238,1.24448014172937,1.71267428075382,-0.961060392539906,0.817648159088757,-1.11150534042414,1.78245906006387,3.54846174011248,-0.262357174824703,1.65314735599663,-1.10167789058629
-1.91538216828239,0.980000596247457,-0.878304423042544,-1.25852617628116,0.616603595397601,1.46485550789038,0.997292479043494,1.06619355447357,-0.424648435061033,0.515151249842984,-0.325698000765267,0.390768857793871,-0.625064577625196,0.348254397222022,2.24515899180184,-1.24229492507585,0.913250015552412,0.792247523879112,-0.412303553603576,-2.22908207902148,0.901604650286019,-1.71020211774143,-2.25882367804459,-2.82496696589263,-1.35115725997474,-0.651802198748008,-0.192803077090981,0.426199497398588,-4.01405675124325,-0.416974055087536,0.710667720524317,-0.948817557541799,-0.627407999942222,-1.22444884797806,2.70462098546431,-0.193085009833243,-0.779855376595369,1.14929944386575,-0.862944543517782,0.41100982615918,-1.26440475890117,3.89609844295106,1.14765423815627,1.10362883509644,0.116784462656348,-0.673986106288153
-1.4953239197333,1.10453223966559,-1.14338548889707,-1.03657748687443,1.13549830648489,0.344148484140165,0.428294448266816,2.86436899550911,-0.333150384813688,2.85210230721551,-0.905395180153476,1.37995934549157,-0.603744679562638,0.89553964839699,1.79283779153116,-1.02006075951162,0.22487286711318,0.966116397252576,-1.59583494594296,-0.965635514780625,1.81012482570435,-1.37768072334572,-0.86924220496015,-1.05886609975413,-0.713223256702333,-1.96193885923049,-0.188124945583754,-2.59692539583134,-1.18667273855427,2.97263747469092,2.323956318172,-0.557838247138335,-0.0575343350666761,-1.49369780410283,4.64258721385569,-0.188403213667551,-0.397691430864917,3.58320721308086,-2.26951349418526,-0.00499032864933546,-0.928673951016734,3.21276145887571,1.66564670141253,-0.477435998362048,-0.275700224440696,1.20601587519487
0.2507236022836,0.585910656371115,-1.39818155065395,-3.10467864335024,1.48892668004144,0.814357356344186,1.60228880374622,1.21160700579127,-1.39858449358444,1.68735962929008,1.87576839001173,3.12433281723926,1.31560333433263,1.95800639807382,2.17795645081399,-3.92880506785709,2.3083401499043,1.21375384970226,-3.04460602954563,-1.67303982745117,3.43467751399069,0.293345221989615,2.39038325100796,2.86376678477528,2.087231579598,-1.09495083942502,0.975123011289785,1.54602419255495,0.0744227033734479,-0.25922131920397,0.490400073174359,-2.98738484060506,-1.36115247219226,-2.35302566300382,2.23758746435075,1.52319666300239,2.05208684558929,1.67717502597789,-0.667524940871585,2.88696611890727,-1.65908699124489,1.97289778316622,0.205320395177843,2.64855179193256,1.83229807909792,2.22708037248824
-1.63579511955131,2.90641931028727,-2.08692649924766,-1.77744192220065,2.13297089342755,3.06254168728875,2.93570477160272,2.83984191473744,2.10601750853024,2.01467640757679,1.30041906434704,2.00719187411187,2.03427052218637,2.09374787809217,2.3627149369621,-1.27509122231312,1.60525480270133,2.36416761563177,0.992496098145704,-0.0241858349205166,2.50685469138432,-1.77915450721756,0.678824189475898,0.276692122271341,-0.596756897801548,-0.733345687235445,1.98585791418888,-0.36245906092914,-1.57407090183043,1.06466777994574,1.48032324839913,-2.007447729062,-2.04339711117867,-2.35616177982949,2.85146488023211,2.12476200885173,1.50300450410011,1.60144990247888,-0.996295076161466,1.74795704461883,0.738613242443708,1.87234161857992,3.16374641435845,0.640332812870564,1.49083802254147,1.63011015429714
-1.28090077202291,1.96019513934844,-2.23463264925222,-3.05668417206575,1.89183958449586,3.19281141384508,2.36100349881759,2.98049531390738,1.93955165770924,2.87953586836304,0.631018334064126,1.69201549101766,0.891144809781867,1.55488491589556,3.21119198200619,-1.38849948085396,1.1756761281227,0.836935392769168,-1.78733443203407,-1.31942859706644,2.21942937480287,-1.53689647636994,2.26244836385403,1.66669276670257,2.66634139315937,-2.19486304999809,0.333342806671234,-1.31595247442574,-1.7955498318893,2.98308737032035,3.27087960584707,-2.17037065075589,-2.23889110223923,-2.34842454861564,4.88602346495358,0.327753658960312,1.00708053082937,2.53464456649935,-2.42209777610912,1.31609330097435,-0.0206711918278082,2.95601706236035,2.25131928111398,1.52071282090941,1.22667064835504,2.53657319640538
-1.97578781778379,3.27318716931941,-1.52538116625608,-0.464146301784456,1.09976889407684,2.79768447470701,0.41631388393968,0.980168144622367,3.18106526484656,4.56495208661868,-0.379454491972102,-0.68950608628815,-0.997226152843476,-0.344568002132871,1.61160169031698,0.558257217033167,0.164838018002675,-1.22033782642519,-1.91781166292612,-0.384154463902257,-1.09507814166876,-2.09966185442756,1.17648009662612,-0.92722576389176,2.23535804799416,-3.05206308166929,-2.382247951604,-2.17748893686683,-2.7395869770595,3.52020024413319,4.00585184363508,1.06128870781533,0.264726019736115,-1.07976014368535,7.9104740201966,-0.209543085710153,-0.918596358723751,3.08159267548704,-2.82047422654328,-0.218417334287996,0.563385603484995,2.71587771064719,3.42470008036996,-2.00959838206772,-0.172758573899772,2.94049196543314
-3.20459190303133,4.44150600254715,-5.30301639089693,-2.05090363443657,3.12715543015922,0.015763915277818,5.73517078507134,3.79552791139688,-3.09626017788342,1.46604114782605,3.77499353957239,0.154066854453017,5.96342673612204,1.70388019993291,5.55822837875649,-1.98905215579612,3.72835017909402,5.82490615625283,-0.586656182881167,-6.70154760321934,1.69628118038249,-3.11547214500688,2.60750336420091,2.39168683072506,2.47751338327949,-0.379668481739429,5.18147015296241,0.0870729868890217,-2.22399940384974,0.483913374911257,0.273126044196962,-1.44759206149093,-2.31144453072635,-3.58989346227494,1.65003531507296,-0.0820582994822068,4.72583082044878,1.52906693091163,-0.711769717668367,1.624614573201,-5.24107323483597,5.91635790524303,5.11621569999587,1.46908587192172,4.82746924255286,1.39919050263279
-1.26103951558585,2.4572346162744,-3.04369543326629,-1.53532488656031,1.18822939903324,1.58415876984645,3.37229278999766,3.36739626810146,0.122344912422742,3.04606596464388,1.86173133920256,0.0124077860211102,1.56127167479211,-0.139777912060106,1.1939442876313,-0.529568891853225,2.05160261048949,3.14244981490266,-1.83056250394239,-0.785798212865447,-1.32746241356122,-1.52667448730354,0.372825374148982,-0.996308095379781,1.33092617305294,-3.3205414834065,2.71712949572631,-2.84821798800679,-2.33776735776954,3.15306388466911,3.41095318067817,0.0917516684559663,0.381848982670096,-1.64183373884671,6.46917681032125,-0.765934315653808,2.12228634718993,1.13913956258446,-3.14598708821964,0.22187228269237,-0.376318437497557,1.62460712745959,2.76271602917691,-0.253925275472646,1.87095196301387,3.49955604900154
-2.41130601712664,4.89149794462022,-3.43038078121742,0.134018483310836,1.51780223571018,2.92107519258105,1.89562037482357,1.46707887860725,1.80891875653171,1.32500074594854,2.32447744120895,-0.288235021111,2.13848348143428,0.274216623731394,1.08305990735427,-0.916583266116221,2.04694054997532,1.33325330849334,-1.17181855607222,-2.15301013499731,-0.93513009360607,-2.63563557434412,4.3407758041414,3.28514274249177,4.12103648480142,-0.960861166293535,0.804061471910042,0.17925925107342,0.175346229289547,0.734958388843634,1.94350551576378,0.405699150385522,0.301435523031922,-1.0847839955071,1.75247663174737,0.113710029070256,2.87567306459308,0.51717663339236,-1.10367728992362,0.809377472054167,-0.994193461732785,1.97165331188186,4.60865032415933,0.720764304279375,2.28655829056663,1.618165960906
-2.52337558371078,3.25979161393214,-3.31721573967874,-1.2559190109442,1.22446127542786,1.38035621917129,2.91379236659944,0.962354816674762,0.783966557737868,1.17231465751598,3.42809908941979,0.998296917563221,2.82620435257505,0.273529000762215,1.48928986633746,-0.632209565794708,3.02502561781035,2.92221914790055,0.34705801312385,-2.77965041041915,0.397506876352688,-2.74315036910272,1.37130456541227,0.398182094564028,2.2449839335428,-0.356597345086182,2.88573004280346,0.326255058213809,-0.92853764149434,-0.217335202648779,-0.43322611421987,-0.0715330075614875,-0.69133808040414,-1.74520136648832,2.21195663496109,-0.553585593919848,3.7872769148772,1.4297901149502,0.113410035035364,0.0342549670393003,-1.46109149647998,2.73445812002355,3.69041994246346,1.15425376219128,2.73166182913804,0.850827971346631
-4.06736535376397,4.09400309978644,-4.40724483283682,-3.10123370366035,2.55970650176558,1.06888369672915,5.46732623040901,1.17023232920641,0.963174551356107,1.42359132761051,3.22298990595448,1.40216969081188,5.17650479464538,1.82597429541898,1.12094984419094,-1.95015815266081,3.51010563176092,3.52950059956905,-2.14665825289211,0.772631831545645,0.893338542083812,-4.12003660209054,1.85671298775986,1.2190234879029,2.7716373156439,-0.582905811841498,3.92993721433547,-1.52829984419307,-0.948996087161869,1.4002021043673,0.975593165531038,-2.59958264682574,-2.52636033046707,-2.20951360728214,2.52468120948724,1.62705820832609,3.44155344099071,1.3533723985385,-0.855744707374268,2.08974822290359,0.514073564093132,1.88886153635412,5.35797265243319,1.84153286136056,3.84927483808608,-1.16886755865631
-3.40926825412546,3.97226257764652,-4.65972442900071,-2.48724023292274,2.32346483003995,0.592524018279595,4.86533583082702,3.89298250231308,-2.51893227493587,0.905099426266153,2.21506908118928,1.2721058640181,3.80869625489421,1.79217568115358,4.57691793552341,-0.714846123631278,3.66326956974328,4.44719972338875,-4.29605002688919,-4.30828973637019,2.40680941393369,-3.33094005291784,3.5981680832469,3.21738032988915,2.23581512395527,-1.90067579935551,3.07899839805702,-0.551772370949273,0.348604066688571,0.674765233048137,0.386466204486976,-2.05990769887631,-1.3101218438646,-3.86504190794903,0.801656859061717,0.108095451525863,3.19611970699339,1.02698829396524,-0.640312919800696,2.07599409326951,-3.33806891995325,5.51264964206342,4.40382634683393,1.95008431547507,3.75862832456856,1.61397031515854
-1.95490566770034,3.06714264643424,-1.96734571611791,-0.992213119207919,1.97646080490156,0.692170751717935,2.37904505723067,2.14443142882913,0.667977119666502,1.8347406543053,1.0898164702657,1.75486361015386,1.75628360620037,1.21651243196418,1.54448842935205,-3.15362619549135,1.89456246528632,2.33203007390288,-0.541849238252549,-1.81716994548025,1.28602738492901,-2.43988269008445,2.17740164142483,1.49405253024704,2.64448519969048,-2.37072357845266,1.74794839702131,-0.374420631466277,-1.84138656275139,1.3315037576155,1.68735592089678,-1.51610483336262,-1.06091768318652,-2.3106109312906,2.97141736912491,1.61388808706868,1.18182576931503,1.50471004717122,-1.77104531914021,0.778730719742865,-0.746541702220295,1.23902768996196,3.13419386227232,0.730004032215451,1.28293896267347,3.03506275614202
-2.77595625238339,3.55805286457572,-4.23717568933726,-2.37488773993465,2.39743801344347,1.41449984740982,4.74080185677273,4.30366289493569,1.72301720656212,1.49013863308697,3.59742134145645,1.04444897696564,3.42796411146162,1.40679305806547,2.09092723440961,-2.54636411210581,3.76813624652298,3.11284396864485,-1.81712005737131,0.246815938600733,1.88166210663152,-2.75140782692676,0.950383678603968,0.616215985455962,1.42188341223961,-1.12441937748706,2.37016860118026,-0.946077368285485,-1.68035813089743,0.858648351682763,1.23377577138516,-1.49949785344723,-2.31581806621261,-2.8475704422386,3.03093745610431,0.56551479458615,4.27208013310118,2.17438402243524,-1.05477939571091,1.61393907583576,0.580303964151563,2.38966053110165,4.41456389553078,1.37811439909784,3.7078006000857,1.13726112238036
-0.926201379506803,1.31808588829244,-1.65680606093657,-2.10132106011834,0.546627529979605,1.94900416609435,1.36746587344667,2.47130510754176,-0.36914087815533,3.63087940987979,0.375950056007118,2.1680848267689,-0.219836276111686,2.67524802056107,2.95680582434122,-0.742676432783897,0.589132930771561,0.936877876745,-1.17782832489392,-2.33956343115451,3.95303545664529,-0.820879169649134,3.50379716033476,3.76202343686657,3.4075776485898,-2.00112264736683,0.0513530906314287,-0.807323109719016,1.6644082877726,1.8617878443463,2.73265728442507,-1.85083638617453,-1.57836118322294,-1.62088242381545,5.50604345552654,1.91129040593192,-0.0339169816283485,4.04533645503202,-1.96430926135713,2.66269535640059,-1.61813074995189,3.57992728827112,1.04543794243903,1.33793244617407,0.379476401649359,2.74922260270586
-0.478650469979585,1.8521460576708,-1.26942446443319,-1.45359424146995,1.24305509154396,0.850380147221721,-0.180041735431257,1.43626333128386,1.59224235206056,4.23354514285995,-1.20722631280976,2.37460332706555,-0.657532926194334,0.973608083981973,2.07965022012481,-1.69304412480886,0.13718215533994,1.06966266288338,-0.856446557089538,-1.13286101169467,-0.0170960262974981,-0.503693958739508,-0.188388779222771,-1.08437573637729,0.706976502011663,-3.16893076073923,-0.513930320491976,-2.5755107274403,-3.11295907687813,3.59969762778169,4.29622948549571,-2.07042365402795,-0.70569015612873,-1.83496022899342,7.66120376265984,0.652552634364789,-1.65633287952301,4.24962156533115,-3.15343941034978,1.34974514023195,-0.55484333638149,2.12418980445575,1.72102105163871,1.31863424090894,-0.417118775636451,0.534398327913001
-2.08351990169857,3.62500196581265,-2.95142991469231,-1.58486429403113,1.82995519434121,1.4310812650342,2.3817046861574,1.3641493461418,1.21709173132265,2.70934850370024,2.13958409423912,0.326807990273089,1.61663780361661,-0.535277665897788,0.871366010031652,0.375827831149814,1.82855523749805,1.31691456072593,-0.665002854686376,-0.747853951956405,-1.16954035914553,-2.10210601496878,3.82389072259823,2.38559283702121,4.65566330767315,-2.47807042913489,0.521495878950115,-1.15490395125218,-1.57757111468298,2.19184723237057,2.80928169764178,0.460716796481251,-0.20873982656806,-1.61247895092057,6.41803517663166,-0.754485155838889,2.23017586743125,2.40137861587257,-2.31773768153986,-0.546836901827881,-0.410739229255522,3.90107281228428,4.45349741481986,-3.03290380061852,1.45628351947041,3.43576093361702
-1.27726352680725,0.100835182557108,-1.16790404270084,-0.696867762867276,0.0870970523906673,0.788963813386751,1.96415498736568,1.94786473606428,-0.531509922702164,1.55013744146308,0.970275868102261,-0.0155252567761173,0.802052837794333,0.328722307004111,1.5302880576762,-1.01864588863428,2.74837574840221,1.13346140410369,-1.42467016650325,-0.770529762323268,-0.328751102145488,-1.27987081343079,0.459525757700908,0.463056398064439,0.562670309551903,-0.224892466307769,0.679008413759501,-0.205049738708278,-1.85587610763297,0.291325572700276,1.13292309322163,-0.242703255933856,-0.45555566651724,-0.955232478597334,3.05354230478681,-0.548173281717073,1.36370951614294,2.1898501490135,-0.364648489488041,-0.801565257027396,-0.547788660525988,3.04541931118445,0.484292424930458,0.258507101387811,1.63078308028244,-0.708302144861697
-2.40699766673482,4.14871037906211,-3.73950949855362,-1.16837902046766,1.70252956651296,1.42561342798794,4.13582923930274,2.98896184658751,-0.359072133985035,0.415423397979044,2.71589113943149,-0.30996412240455,2.1968224382163,-0.227594940492236,2.64623753867525,-0.943015630516652,2.53585323297013,2.04116109134714,-1.09438833951517,-1.99966238330252,-1.30147066402563,-2.525049122797,-0.218522138518334,-1.34282885659862,0.661300553653084,-0.576795677545708,1.55124116911535,-0.572175539131047,-2.50823456821727,0.356952822780017,0.157500011947006,0.534466389333886,0.826603745728932,-2.01147694070872,1.66268565064245,-0.949711923249016,2.54502056340268,0.562387990939467,-0.589684035202003,0.047770501994748,-1.2970650203111,0.404642714270516,4.75914516450854,0.405403284997206,2.74249164320204,4.07455784415799
-0.534240002801168,1.45930597111411,-2.24996020000801,-2.2765844174793,0.867330389440647,1.25968379089954,2.34700197144191,2.06231379700937,-2.97243463585263,0.891241015373908,2.94732504397132,2.08204880633899,2.37987192209701,0.761124557992148,1.07955596762864,-1.65361050344618,1.87604168622562,2.3309143557426,-1.58805262135779,-4.53633596406022,-0.276514814118636,-0.526616314383526,-1.40772616059274,-1.81712699969434,-0.587158731636706,0.130618629105321,2.36654555043085,2.00003402707683,-2.91831727654717,-1.48618373921232,-1.11760265027971,-2.02522406803309,-1.61650662224419,-1.60430924405483,3.44082620347978,0.866308204007988,3.45819834607276,0.829359189251043,0.61318000729582,0.988500026789288,-3.87544900463366,2.24462367007559,1.60998535567865,0.920160945585497,2.45152667208261,1.84160620154606
0.229612921217939,0.0306072724434057,0.179181776433697,-1.66638441007504,0.0529644331974892,0.952203730750023,0.601972173595412,1.42024716943383,0.84815705054315,2.98485981048938,-0.195553221325651,0.387303886501355,-0.302465702556806,0.977230366272016,-0.223194380609193,-1.22213445172777,-0.176872370455095,0.672282053568766,-1.80472051723995,-1.62098406331162,1.99529709942817,0.190542762464163,1.50926033676011,1.38246108523677,1.64865967369194,-2.23559894384829,0.374670253479802,-1.50224330074517,-3.04336460061459,2.39808773569564,2.59252581813825,-1.21220835118146,-1.04028274902639,-0.638236449418241,6.53648426252992,1.0313405887611,-0.347761099296694,3.23205663790328,-2.31623274895736,1.87170383382283,-1.07949804213384,1.25234919624014,-0.307333774416442,1.11662344227257,-0.262845190321974,0.262521173928354
-1.43849680792222,2.35972697961395,-3.29927480284355,-0.116282595456382,1.39708833884897,1.5742868299991,3.56588688034721,2.61854643080705,-1.51839037282147,0.95935310044776,3.49679865951452,-0.725506372813388,1.25878865179206,1.08929411154625,0.453284783074581,-1.85034361578324,2.63352601200933,1.41857154248146,-0.817936565056036,-3.31171823736894,0.881231767632061,-1.27393932073714,-1.17573570314998,-1.35374282360943,-0.450493421348462,-0.828833848613399,0.303189256224077,0.670154998336978,-2.12234496935568,0.959779104438103,1.10610465543394,-0.891779961351156,-1.84748151355328,-1.2611410980706,3.29432812842084,1.81699301838157,4.06591141635011,2.10526859411303,-0.792947806064271,0.699099372439706,-2.82565303936769,1.73889379159321,2.60136231962143,1.88127228445378,2.66015231077139,1.00970853641297
-2.03304169649263,1.51922708786104,-1.34270881532787,-0.287913831590669,0.0678373270946979,-0.166024388450278,2.01210366547519,0.466340305399477,2.08729828453978,1.79407159733499,-0.0873532633492451,0.196500769355723,-0.444838475107797,-0.0211128773881009,0.753383199886901,-0.28735754799804,0.569303350327274,0.198483245395261,-0.739477430752415,-0.891834409620403,0.00638412764259516,-1.13866076274456,1.97336297223351,1.48674596215142,2.27865182691954,-2.04759804751723,-0.544342258484007,-0.880507884579926,-2.02832428145087,1.72845141337909,1.99234429897402,0.634289767435207,-1.27945254475138,-0.808084006128368,4.63621911144859,-0.114931468767862,-0.239896285262519,1.34315236231885,-1.9955482441016,0.512923273219656,0.328644053282263,1.96172902612015,1.21088424593849,0.427818793218799,-0.203812355381428,3.37617618250429
-2.16192047934208,3.23839426722606,-3.8265937923605,-2.80803412312609,1.84962556236524,0.164996837411408,3.73136751760422,1.46672877586675,0.927072655712767,2.63444792107875,2.54736500195284,1.98922149355219,1.89340945268728,0.987312631710327,0.760850766467997,-1.82277903990729,2.61340170689309,2.17553996272403,-1.71457473570722,-1.60716094735924,0.57580338567151,-1.91764545846295,4.26193540469843,3.41973193346065,4.16624729481882,-1.9041889653672,1.70781178445186,-2.0436038049418,-0.957291359683527,1.63204798938157,2.71772827989404,-2.0046968307584,-1.89006533279594,-2.32438656036191,3.54998652601737,0.833571770110028,2.57933965964028,1.89826542779265,-1.77746831980381,1.76330252629471,-0.990173280002209,1.87534677273683,3.42574555933967,1.04188601316904,2.58345628083171,-0.0432708309627377
-1.58065035637973,2.0467542794851,-1.84116668975656,-0.874665468131854,1.04431735441858,3.34256719465183,1.90354576746166,2.12951563884666,-1.05444786160039,2.22040556996317,0.34838689458729,0.573637580553516,0.466217096634298,1.20386642120829,1.40806654755027,-1.70057482039023,0.66903331592294,1.24786320673163,-0.934555931288595,-2.92971820913333,1.33718067536725,-1.37066988451109,4.24179122740573,3.8191622066001,4.43482941176936,-1.62438876298943,0.263495924442644,-0.253067123996681,-1.25100903748547,0.175885443407498,0.592845610571805,-0.907500004952815,-0.680129448342818,-1.34414323169225,5.04238657604617,1.2227965569427,0.919717400361372,1.68240282826411,-1.02159373799047,1.7056960290942,-2.08951082097861,1.37331143885554,1.83543394648538,0.375306304566834,0.823449771576659,-0.0349636080876124
-0.225116973921787,-0.406705520380321,0.11613791201263,-2.79151882244146,0.397880466206359,1.40809861847715,-0.206224822052879,0.227809628557234,-2.82481223567311,2.66522313086726,0.177057974319719,2.86341323907933,0.155348906382378,2.19228132998748,-0.653667125494297,-2.21309702236748,0.612231767153393,0.144950699654981,-2.33011493279303,-3.58508740418165,2.10422330600466,-0.34800446538512,3.5633510015089,3.8227854169232,3.91138139681011,-2.90199181455188,0.385385235681388,-0.874036677405693,-1.30687446336386,2.09762651689972,2.35643181663029,-2.9925142782586,-3.88159616920583,-0.657077898102878,3.27964885042647,2.84693829370974,-0.35769991119773,1.81994888256556,-2.2073107894962,2.58210538927462,-3.22079021659434,0.838819624938482,-0.516376987327593,2.75350117215932,0.00498421803144955,3.47866283570665
0.0844223342102658,0.830943371097541,-0.78185787497507,-2.67308105830961,1.09092444800298,-0.086716798936353,0.795079827019253,4.00509404851228,-0.0291208228773028,4.17956827923566,0.185542782433112,2.20372905413126,-0.828530279989273,1.32628543185647,1.86672618960748,-2.31550800025024,0.182763101982131,1.05956383402294,-2.00148105305813,-2.34930924722608,1.08237648435065,-0.100744800266567,1.71333660409753,1.60305918260924,2.13754594646752,-2.15375005755984,0.0906925177534921,-2.71455758847218,-2.945703594571,2.43190150600454,3.22997370367075,-2.70648677732051,-1.88211256938177,-1.69274303733976,6.21307816945893,0.197690348049457,-0.657217690791035,3.35489034602578,-2.1030277968526,1.01089526385347,-1.52825624943098,2.45246320493314,0.427272509030301,2.67798133811067,-0.527063326950778,-0.36951687043095
-2.70038479973046,4.60464493868325,-3.66956688644689,-1.14196075835703,2.45371647021109,2.46959695254985,3.93244761497581,2.43539036046508,-1.32682985456735,1.02436808426553,2.43371165719962,1.03939572614089,2.82544065950965,0.318990299654112,3.44030881054622,-0.147799610373927,2.69795014735893,2.66192757936687,-0.845823412681713,-2.65145770712152,0.280426904758458,-3.05339564432965,2.53278119386234,1.46803627021014,3.28814692451988,-1.0060011353738,2.00791862757909,0.277297521472476,-1.98857220540551,0.979225864211217,1.31927578896251,-0.142771375357367,-1.36089696806976,-3.05951722633305,2.60884338749006,-1.0484719215021,3.03850640884572,0.00786942784038402,-1.01924578363866,-0.0544136247942686,-2.17363269868186,3.43210904371649,4.95372817866098,0.452480767739983,3.40082380857045,-1.08591703291258
-2.47296592109693,3.05013992473704,-2.51938735534802,-2.17082319372381,1.62201129642513,1.52673181564785,3.26999484576814,3.1716586546873,0.937282782710237,2.87833494200718,1.16392324797197,0.276977764219095,1.08120001322701,-0.00265899566050298,2.32516508217735,0.0731920633805015,1.88599799461863,2.2650430463581,0.0461241986831346,-0.641322459241255,-0.285828826523328,-2.40856942518606,-0.0607857608844022,-1.26722893006087,-0.0395097229813819,-1.52137229679464,0.98441051676414,-2.00462237987822,-3.06369052447479,1.91061353881171,3.66118819730967,-0.227533970999234,-1.65941723677981,-1.59493273664115,4.39353092173858,-0.747652593265611,0.685066303861783,2.28343020135659,-1.7749908239969,0.658899925505043,-0.819420015977371,2.6443197652937,3.64095207004727,0.256899374805592,1.35092349258146,1.39074353793458
-1.97506244604813,2.84905053223297,-2.14475065126538,-1.62022557307607,1.25871305013259,1.65985641629467,0.500345595985609,2.55435655584054,-1.25936978131553,3.28128425944034,-0.145653613810714,2.29761513322119,-0.547641493465903,1.29875526227436,0.935035966310889,-0.228271190538063,0.43316308311765,0.107518414040434,-1.68961866258115,-4.21004178518806,0.89675768287429,-1.90017040607235,0.30379461327681,-0.501412008057345,0.777769264554716,-3.33155102710081,-0.928550628364323,-2.65258516519793,-2.4633375570527,2.98246934828776,4.55261658302807,-1.65157275620006,-1.98572245876423,-1.25490927691215,7.31395045697977,0.414237322553448,-0.580093742628714,1.84318105161494,-3.26193259081949,0.55674839776199,-2.91509978893029,1.36966756135979,2.36280585207323,2.171430723257,0.198233395534565,3.11621722062207
-0.99845337450652,1.62372344252563,-0.407338250460697,-2.02514001158604,1.24688637474121,2.22394292354044,-1.18137323813362,3.53983210713867,-0.519980698834957,1.39665491211398,-0.645118970718428,1.53005436433417,-0.762984103627571,1.10043629628991,0.750103108858605,-1.95678322735601,-0.178455410426959,0.191937587989928,-1.10563410145521,-1.47920600811926,0.26818365689121,-0.87995453465056,4.11491318260401,4.13906511417362,3.32465299454993,-1.01993718934432,-0.960418980233552,0.466592138012369,-1.25912479306153,0.253453068134491,0.824177732092181,-1.22486161547797,-1.00403735693634,-1.7311371176585,1.19139435169684,0.827968716695493,-0.675689682822988,1.32982541969414,-1.11574091522366,0.733889306644882,-0.882917675925196,2.08972968592159,1.29282194979345,1.37942752779576,-0.588484191140824,2.29081241638525
-0.799009295231364,1.33911086432504,-1.97785672359348,-2.42514596205093,1.8023084858928,1.91827320565057,2.56178366935516,4.61418068348325,0.772578854209861,3.466021893656,0.455566313708857,2.59575516949451,0.798234912385345,2.23921441594733,3.42227281344196,-2.34752555138515,1.33373041591107,1.86809337684646,-2.17605077366284,-1.05701592982881,2.47944150377386,-1.23092081486297,1.13319011614748,1.12582730872293,0.993164602273008,-2.62141028205394,1.67309388160076,-1.59377342195428,-0.289351558969563,2.58073151787793,3.44505049720442,-2.88190898198724,-1.77739329817638,-3.17267278997625,4.94551408248231,1.84069935262031,0.354216915755194,3.09035910055815,-2.33236045103623,1.99640095005021,-0.518523128572056,3.78143808094551,1.63267472812258,2.29159606452692,1.16493629104884,1.60009883235399
-0.158337035482397,0.56412361352515,-0.637198938071845,-1.73957683331192,0.65443280673142,1.49041228511907,-0.101463973404172,2.23082230223167,1.11513452060115,0.894275769603575,-0.780272900768621,1.41449532918192,-0.0488874780542584,1.73449971839631,2.70445611232982,-0.833946566034445,-0.45932923061526,0.981424711310377,-1.68253719530891,-0.612451145462637,2.15302961500726,-0.549507210001904,0.266454495356645,0.829286715387691,0.227812223944061,-1.32975404695848,-0.420637639205139,-0.86833893377017,-2.67350402244185,0.548312388838962,0.117387300896429,-1.5800660879676,-0.406835317868284,-1.38409891337922,1.66323715225388,0.647883589676874,-1.66405447417476,0.955209653979757,-0.951216119452015,1.41317989268944,-0.0797106904596042,3.41846811205183,0.770200566710059,1.60126354092866,-0.426245357300459,3.37727080676819
0.473783865637198,0.343923109309006,-1.28736211954834,-2.74967605873425,0.89801441219444,3.09746428425976,1.35684670111591,1.28963357907736,3.24952127921652,3.47326451629647,0.979885381866445,1.24778029352796,0.418039181753354,2.01239371563632,0.361931916422007,-1.75580687104098,1.72653242446369,0.733988030602183,-2.10389920096135,1.20130786058112,3.27736604133584,-0.174449590143643,3.60800463602635,3.6904340038955,4.22440640230254,-2.11004983700513,0.148133298153357,-1.88690716855551,-0.989602989945813,2.5746990691231,2.69736316908782,-2.57638901901931,-2.43071170000086,-1.38993000084505,6.4518735083596,2.66608258573611,1.47639940335881,2.87029165835229,-1.67399653846849,1.94602827870323,1.76336646385886,2.43590659255795,0.381458506466256,3.03341372937575,0.657844485452778,0.111481083400157
-1.76904444821426,3.77575809989043,-4.70767079721325,-1.58178279205937,2.08066069731036,1.79201424753564,5.37319318186034,3.45066363572596,-1.16604453233515,2.80453974979089,4.44719935165255,1.09352865841646,4.47955251056495,0.739089390812685,1.98957687999181,-2.34900267600668,3.72569733132185,3.47549416013333,-1.64014749290202,-4.29137139197551,1.49519427340452,-1.84633266232051,2.27507641457655,1.31170738456688,3.82794195671569,-0.682424107033819,3.26911056929996,-1.39405251127882,-1.73281077809895,1.20596505287653,1.76007739016318,-0.68594045317331,-0.790459967885629,-1.99184216898343,7.2597293270325,0.165318593406941,4.74472286905447,2.40293251666415,-1.5243432166345,-0.0558343613216253,-2.68708308374509,1.98948656473936,4.08697053507884,3.15023512785995,4.01358230009426,3.24096385592702
-0.577837717612356,2.14260444091262,-2.19617606455508,-1.91224606315104,0.879622007858434,3.56631970103684,1.83301882009131,2.32631022615212,-1.05918010810386,3.20432048803646,1.66916033023531,1.22650314400223,1.68536970527549,2.46520508289582,1.19793590987844,-2.43764214075949,2.08937449556867,1.85127147893549,-2.19197842805944,-2.4234081493284,4.09204873065543,-0.628528400774243,2.9099093590494,2.45931996485504,2.99202574047714,-2.710365013262,1.17255928718728,-1.72514154916164,-0.243599216014386,1.69777583154243,2.84677586039101,-2.33471798683794,-1.39390363112581,-1.88399850119042,4.50025169623362,2.51443966195106,2.08704565868039,2.82974066148241,-2.9903160329605,1.63736861423312,-2.06137860885749,0.922799030612402,1.47489902674759,2.00307840096261,1.40025071510479,2.24528673293413
-0.529935635640089,0.0622964561933269,-0.417698274434939,-3.2356352957947,1.01626120034645,0.860363229495926,1.01712190134406,2.47454573085297,1.25476138464433,2.15816784413248,-0.950110697813113,2.37699248172182,-0.398766056759143,1.32870040704259,1.92609542786778,-2.70073414400372,0.178621389647746,0.0432452072423664,-2.7451306493954,0.466031683607029,1.57726833522754,-0.413398702091155,1.37894172009728,0.655926880976261,1.65734366994727,-1.12298542495679,-0.0775678402788435,0.426875955199407,-2.68787880672228,0.489645713204199,0.572636330821066,-3.83816723140301,-2.49709136685351,-1.66480848009955,4.1709589241055,1.23772643655954,-0.818001300089398,1.43314077425464,-0.291453844086454,1.46011055522356,0.830156011516678,2.11645518815037,-0.203026443418659,3.05861931559418,-0.43003092136749,1.08472051351001
-1.44229522767503,1.94037057697738,-0.513992360114087,-0.853830781935471,0.858981846246016,1.41535986219735,0.195791920192738,1.80881536321326,1.60999945018814,2.73451840420108,-0.243061418557068,-0.428189135161988,0.193086328636771,-0.0506545239947875,1.74436123559653,-0.676930749464194,0.437959775777951,1.4069072977552,-0.316939519196879,-0.987130819204056,-0.823932819863357,-1.61087794952993,2.39642030362333,1.40925990841227,1.69129429377126,-3.22784984746528,1.24532161123766,-1.24765164399918,-0.137554978918629,1.80976100862979,3.52292932525254,-0.359565290958193,-1.15334781419152,-1.43768101320812,4.68093665699008,-0.637930480428023,-0.721367493278032,2.68575481044758,-2.73312037554095,-0.210881532214993,0.0895318890080119,1.35569609965692,1.8235328673567,-0.51246131179923,-0.0513418762337678,-0.944349395252424
-1.82708256054593,2.76357391270568,-3.4753035289569,-1.66746814553817,2.03066406079128,2.00398949283109,3.01721096075774,2.12750084098111,0.613662287774899,2.16200188108461,2.47117262609422,1.35476760577667,1.98394111268319,2.05870986053393,1.90536557766978,-2.57526056484445,3.44683888186831,2.88462726606178,-1.18554132604929,-0.783411132277273,2.53716838359886,-1.82148286284447,1.20903681004555,1.15579143964789,1.8561697279319,-1.55000091218976,2.09117624872428,-0.485947438622695,-0.689075299475596,2.03662726497803,1.75812638110796,-2.95923421076604,-3.95107750356933,-2.36436991594788,4.10284357822725,1.34266600183511,2.262565487948,2.11886195997235,-1.39952504548022,2.56799725219367,-0.280014527441364,3.43990416659283,2.81459588685801,1.1522277860411,2.82597411341248,1.03188234136196
-2.1698512564851,1.84186604344077,-2.26985072718827,-1.17186729610268,1.07843628315849,0.698047605429903,1.19415220825697,1.23600161154651,1.76421951286724,3.34618896159162,0.539510043147616,0.293879303144912,0.932723445653752,0.765618876497746,0.445822618672116,-0.905098599070493,1.021368605853,1.36257146671976,0.291039400118331,-0.609249109684604,1.42204553010022,-2.1647661374736,0.559357683613675,-0.250223267380571,1.040337790347,-2.24407838517662,0.609923746156573,-1.25091808086655,-1.90160182984826,2.56337028951675,3.25232030998534,-0.735391040945073,-0.915107042670362,-1.06100356017071,4.78494699761541,0.793848276290712,0.896394593843035,2.53908934271712,-2.98993634727693,0.403619575053125,-0.228184097163703,1.91131078269856,1.79873861261318,0.144540171220328,0.868273547260733,3.01862671848688
0.311825747364837,-0.589487127034362,-0.609532004474214,-2.49149662056957,0.647484534589701,1.87161741699883,0.615986998712667,0.029310697968596,2.51334979941125,2.84448852105318,-0.0495996082226219,1.79907951747071,-0.57374690339307,1.29505524950216,0.648026772588487,-1.69326062304113,0.0949648731513731,-0.339542228438922,-1.61341233354561,-0.160868033843789,0.25189130226969,0.246322971912707,0.989503844989166,0.503081788308442,1.07216698126656,-3.19614033461474,-1.16983131409166,-2.6771737319847,-2.87017684993585,3.00752684792286,3.33417033552717,-2.39973629545091,-2.92768509137037,-1.41118392373284,4.07355008797263,0.287854110554615,-0.112475220545302,2.70135201995439,-3.03662111189184,2.36777101054528,0.162207368207922,1.95764357125522,-0.511380284248573,2.80354875851674,-0.0739874921524959,0.489718585140722
-2.31758450602782,2.37060621050348,-0.931674244579878,-1.50073995869373,2.00144675193455,1.31103889852333,0.444128167061842,3.30434520359317,0.307954008573304,1.40613745900579,-1.42168482892062,1.35590081084981,-0.698130212296754,1.30350531849047,1.25630128058469,-1.62122752090118,0.641001041437467,-0.0530768661266441,-1.90674283553826,-1.71599976722108,2.08959557900891,-2.23458728867407,2.04722123205305,1.75551690054594,1.56448771164021,-1.14166241750268,-0.881191782106944,-1.0765117380239,-0.596678686522254,1.23909069707065,1.39858815876548,-1.0963359343634,-1.9332555757823,-2.00599695475715,0.998739121142796,1.01074269790782,-1.21058481892513,0.957045044834105,-1.04374827840507,1.09875309368329,-0.781760315197768,1.13496566877841,2.86639359615451,1.12234445334033,-0.567896429516471,1.12914354212503
1.41550280625476,-0.407545273605135,-0.00461682155099541,-1.27942072437442,0.769534358523195,0.736091722643184,0.873900761298668,0.550297345797661,-1.38562714470106,2.02506602766244,1.15659090993234,3.94224461858065,-0.988484740151657,2.19387505084367,-0.959308626268097,-3.22456284002411,0.911950878829617,1.03338532254128,-2.7911797341871,-1.78434942046055,3.42924692817199,0.827035628120648,3.0228970174419,3.12797706183092,3.17017424345386,-1.30073417534359,-0.457698020418042,-0.154283535337513,-1.06373023556287,1.25974717737711,0.87783754563078,-2.70597241436009,-2.56038301037846,-1.14224367063008,2.9480014557735,3.0071603445996,0.630705115926788,1.85408957395563,-1.55346927047093,2.64448923392144,-1.32610968859788,-0.0584770096267524,-0.928989381840252,1.10363891185593,-0.407806849351464,2.08959773341568
-2.44072855105606,2.5358876425684,-2.31414604762404,-1.357998519492,2.01914044649638,2.32291733975706,4.27598153715017,2.19804508872102,1.82336323088739,0.890675244365298,1.60480830494389,0.986691422512901,2.24537173383172,1.10501609375514,2.88837419960106,-0.928749650688427,2.77046732123064,1.86838540512066,-1.91858412777256,-0.100142372428973,0.350801182022254,-2.28274692989505,2.10617335448718,1.63818993851297,2.85798693445979,-1.04143706226425,1.51767005198468,-0.532500108523719,-1.40623009760323,1.13516913520316,1.98987772894845,-0.66646175530556,-0.925649354791188,-2.39193649623834,2.59941550482568,0.211078101168931,1.98044713863568,0.976605871861591,-1.41616845057792,0.745174918264407,0.299162864282886,2.30738346923061,3.35465860176371,1.37120191314362,1.91283497834238,0.105491236075976
-2.45660283313033,4.20106339383559,-2.85777787281901,-0.916755261035862,2.31173561319751,3.14074206443537,2.04924230296479,2.86735718140276,2.29703668404237,3.61739206560994,0.811838293242609,1.10170142584167,1.50215749144954,1.17622728334209,2.96098972943331,-0.527862371197328,1.6353717037518,2.2420732644874,-1.22116975869043,-0.891878776020194,1.09523459640821,-2.18395225969838,5.11660622131363,4.08174309677231,5.96957302093627,-1.47258141999981,1.50660370329869,-0.860030835899624,-0.279459072769482,1.58160475178366,3.04016973015162,-0.374228215007683,-0.545178204752093,-2.6412404961949,6.19500236539577,1.24304224727945,0.391023147131132,3.27817774602414,-1.78985634010504,0.902217661239092,-0.0376124400738689,3.44065358289935,4.5944233168619,0.619456511149292,1.29445768902623,0.00995164888953348
-2.0393220255125,3.12294718869313,-3.57403360826527,-1.29086559410879,2.03747811881842,-0.13167718771501,3.67631488384535,1.59446814717341,0.525618780117114,2.12780690649492,2.8228589069398,0.927605002064037,2.03882392409949,0.0148891136207063,1.05107786919074,-1.04148257208665,2.9626993492127,1.16606316724024,-0.455663738221681,-0.664331218599195,-0.165162169716252,-2.31486870796905,-0.0897836975831355,-1.10388802728608,-0.209399797639624,-2.31257547732294,0.622244562048307,-0.635521070975135,-1.79600911171988,2.13971160309265,2.23461898252961,-1.21329453264539,-2.03870703882494,-1.75444418865281,2.95615755126377,0.14413700839112,3.30612124209982,1.50404648019786,-1.95065009855635,0.418206595425232,-0.479915465525509,3.68729466704207,3.47614155732949,-0.594426904498287,2.39597279719432,0.590292216221687
-1.84662381242832,3.50773629995042,-3.34433361164299,-1.87801399975595,1.10161403427993,0.559170522108475,4.58437324191951,2.50733384326149,-1.44261411587022,1.19414152764959,3.04812746592573,-0.647804995418886,3.63169995968603,1.21138608455784,1.01723428726522,-0.16191263695308,3.7501303304979,4.23797644663037,-1.42278679988871,-2.27730451951859,2.40369519816248,-2.02074141905266,0.452764737263368,-0.245063856311314,1.02439901033461,-1.09681243584615,3.83748784223361,-0.742973600946319,-2.43957558711419,1.04181264952179,0.938149645837999,0.0283088518670658,-1.36833486668347,-1.25558989549012,1.42446728703631,1.17155968182929,3.84789810678803,1.33942395284097,-0.964364086499972,0.95988489247206,-2.12958592147804,1.57238692318582,3.78892303655247,0.162109420201884,3.3173597900817,2.49012696541449
-0.254530394068538,2.28548431958065,-0.74206950853083,-2.19224772105296,1.20194950870512,3.05282495282396,1.0080783987857,4.05977275562004,-0.883515252286268,2.36464981969589,-0.117314529214187,0.321507288569188,0.183856104018008,0.759317924636455,1.56213695550249,-1.02890382365183,0.848917524059635,2.15677245442487,0.0555150603364185,-4.4771757300665,0.994364822347614,-0.152752928687164,2.74443462955266,1.8423207918611,3.31539304146068,-2.42253228903356,1.10752595634687,-1.12103538829578,-2.66340608495043,2.3075538444475,2.04811632699493,-0.729785945852683,-1.15375869336448,-1.73247524450789,3.82159173364899,0.55024641684893,0.413206381505545,1.35403927703749,-2.22347876726694,-0.0239539615877993,-3.00818470693739,0.779610530890622,1.39786318341164,0.639674821734891,-0.0509924142788605,1.22722281261438
-0.442488227795411,0.0418608293254279,0.323773304602313,-1.36360826677158,-0.0521237835891712,2.46841255991594,-0.509378883861705,-0.092852939441731,1.68061049261602,3.13486407493188,-1.31612526686276,1.62169466717806,-1.41882077984854,1.76805672178191,-0.0239722040542393,-1.37848396301968,-0.433412739961602,-0.342908864805709,-1.59262505810791,0.243298441439465,3.57614974712354,-0.284909614414061,0.404952429619843,0.128865083939072,1.28935259517581,-2.60655313058016,-1.82406364247516,-1.64757062045676,-2.89930096969294,2.98760488638805,3.09850379609342,-1.65290826051662,-3.47844104341991,-0.272666479090293,6.30725516717746,2.51875322846372,-1.5474642685501,2.38480149714126,-2.86190487148343,1.28490149305001,0.46666461207884,2.08258491953392,-0.476405035358763,1.70828891890719,-1.62350052674765,4.08369325280088
-1.68817929367671,1.67540524874826,-2.13155332618775,-2.4338000894477,0.886662890725617,2.25840894996976,2.21913758041912,1.25433088395762,1.0161186084398,2.31114893074058,1.37477350548904,1.85719213398947,1.52193533423779,1.62637741554936,0.422729102995017,-1.05859882185611,1.57346594458945,1.21935466741783,-1.77707821922551,-1.77640313694698,1.81911119735933,-1.43097439253631,-0.0622167546528916,-0.697713731641202,0.951064290201235,-2.35980959193134,0.981818002502092,-1.49286040784847,-1.17204958736619,1.73522512765839,1.97163786760907,-1.71051400139427,-1.47477287596625,-0.574010050575969,4.64660610322586,1.88725271796614,0.916663840911522,1.87020601317667,-1.92587197627652,1.38991667750414,-0.808172571319038,1.90392262372128,1.39609032120019,2.76961642351093,0.934567382028483,-0.430222261604733
-1.31308985453961,1.07709576727849,-1.24081338101504,-2.25888948091651,1.39276385313899,2.27468519567806,2.37362990657313,1.95869644851026,-1.53906254540817,2.28479316509932,1.57347233103387,2.90191330545705,2.00063998923275,1.74806756926763,0.127234643520003,-1.29951652619338,1.19973616489493,2.0766989852639,-2.03756148609997,-4.2658216637293,2.57611610977138,-1.14930707603124,-0.225536581209695,-0.237304240610144,-0.280431418145281,-1.84026115436645,2.0551653975079,-0.705532849395728,-1.78091049605492,0.95837220875166,2.20486087018673,-2.52801604910565,-1.82225796210188,-1.3488389459152,4.75302866551008,1.17094711482229,2.46030353861199,2.79655028698563,-1.53197090177033,1.8292303380847,-2.94916127796146,0.595169871029405,0.873442471727302,1.80750375434075,1.07016385241939,-0.348871521038943
-1.26660174544969,0.782678025174043,-2.01767117378542,-1.41150796279561,0.0723626439000551,3.10639961969626,3.46119034216099,1.50316188512244,-0.299331551201783,1.21761130190949,1.00120976477439,2.33101718612862,1.7865393770293,1.64913346140533,1.20260082864211,-0.507301316559468,1.72497815436868,3.01345900742876,-1.68009263422442,-1.13310721406356,2.357376410952,-1.43866902836915,2.41735699472852,2.33862739743613,2.50794176943683,-0.797043937483503,1.70177001088718,-0.590411413844887,-1.4921347102554,0.940737603983311,0.927736351931029,-1.21596823609236,-3.05862272597564,-0.680926938843609,2.20117690465404,1.06556567246967,1.70745771012044,0.633642932160297,-1.09572068058234,1.18667947043181,-0.670170755659343,0.555340566802651,0.562160107738547,0.755917792049308,1.57876513633654,1.50547822471259
-0.37459162670945,1.53974238949866,-1.03521702147882,-2.36747312925065,0.971741326746443,3.16475459455007,0.990334700077097,1.32246340833703,1.72784820515812,2.17186228921144,-0.777521903237319,1.68250177236197,-0.449774860224861,1.00773301762194,0.0602082831984744,-1.55423936784439,0.460209483984124,-0.373569107246222,-0.88644419113598,-0.249974640520796,1.6634139595418,-0.218860398942285,2.8385873376925,2.45106709183133,3.96954467481739,-0.98781743059916,-0.853152304791006,-1.81452649361855,-0.531679797740788,1.46860701792795,1.57247309033762,-1.35422501298439,-2.00834162819537,-1.2243904617243,4.64932061673434,1.04329083961394,-1.3151572659324,2.2143608704452,-1.57884975197156,1.11362350772064,0.412491709111816,0.850688778242645,1.52873452476958,-1.07707290683977,-0.389980930001996,1.09762196550826
-2.24477035774292,2.00399501808921,-3.48305036807895,-1.56439564317991,1.33253155734558,2.29246459810244,3.22866307922805,2.15268503523365,-0.342421837785829,3.6160727794759,1.66057444950041,0.300169857374488,1.4787465247505,0.821657285261077,1.8544423165157,-0.839516529413434,2.39825531512244,1.39790914388572,-2.24544633764452,-2.29064563036692,2.31810508683772,-2.48840892122001,2.83208568369367,2.11488320300419,3.25138795375116,-2.62807440834736,0.293282380935283,-2.51409163955704,-0.79105465595623,2.43510913054714,2.90079214643537,-1.32385247985288,-1.49842124373282,-2.09811912892433,6.11629552953426,1.09623838669102,1.98145340008835,2.89755538843694,-2.74142487226824,0.81551451728885,-1.4656665983635,2.82794961429382,2.43682316054097,2.19100927289106,2.04337659641501,2.36062726543691
