aceB,asnA,atpD,atpG,b1191,b1583,b1963,cchB,cspA,cspG,dnaG,dnaJ,dnaK,eutG,fixC,flgD,folK,ftsJ,gltA,hupB,ibpB,icdA,lacA,lacY,lacZ,lpdA,mopB,nmpC,nuoM,pspA,pspB,sucA,sucD,tnaA,yaeM,yceP,ycgX,yecO,yedE,yfaD,yfiA,ygbD,ygcE,yhdM,yheI,yjbO
-0.737394497806744,2.07468431737218,-2.49590233167244,-2.39588129266491,1.72470853520712,4.89566144699092,2.68765361950531,-0.254386181719271,-2.1989575168235,2.3365461446226,0.85473389520367,2.19205208037438,1.92287580979507,2.08276169173404,1.31811746947344,-2.25194413378906,1.97445995285628,2.33525798651853,0.00748908655105585,-4.53689212826397,1.86400012277762,-1.33308272212162,-2.54050043463799,-2.90931846113643,-1.86356135308652,-2.06210805023007,1.58850214613842,-1.0939349188533,-4.23853820638813,2.04985755870685,1.93169827021514,-2.52253796667991,-3.18517898846652,-1.9563313197199,5.41170694225825,2.24403918428221,1.42208007889595,2.21639185762679,-2.10049205394942,2.37843437661036,-2.94302351977271,1.35184534285851,2.40907464346949,1.23654859379706,1.32553847269479,0.706480240977886
-0.0922864978035687,2.69167123241192,-2.42276111821568,-3.23260048796334,1.82108898194797,-0.287243120378645,4.31018359752344,1.69003204223306,-2.52420631747017,2.64736785222276,2.27522268352321,0.237801215164554,2.45918580656287,0.924362559518084,0.675848041611687,-1.30362089963971,3.21326682604415,3.39298784793193,-1.33777740290234,-4.02280202621913,0.740359657076857,-0.360335862601135,1.38417806660972,0.57408439161007,0.690962803984105,-2.4197539657722,2.20309127913718,-0.112381919073273,-2.02717690742226,1.22547942931564,2.88174879828081,-0.883719297654799,-2.36092829363594,-1.8574211517225,4.35803595448582,0.547541199956179,1.94794070171595,2.51886020192646,-1.83729893863816,1.55914515110855,-3.14000309273462,1.47089984449797,2.21840812155021,0.650577757092246,2.25254269566938,0.0343132696809861
-4.62421677061621,4.24304714600417,-4.00356269006049,-0.573259367138815,2.47154172658218,1.23536527503904,4.09833886597542,3.24433239389898,2.48990300547094,1.23157409278465,3.33652323836276,1.70742872483364,2.60831598490262,0.496113373281768,2.45611752204501,-1.89662063635679,3.36804563964701,3.52368257280068,-0.746082025883917,0.817433734383537,0.759814288864251,-4.51312475894276,-0.553717176644726,-1.56837770470389,-1.13494076556227,-1.10575299894372,2.70374077815604,-0.964435829282613,-2.12821734930236,1.10264683182332,1.58304560905008,-0.877225710567306,-1.3781312645062,-2.93199287149924,2.40444823657474,0.125193094634507,3.50971388014028,1.32626759410526,-1.17491134640739,0.768565377800498,1.0563413125733,3.31394575703159,5.08153504124389,-0.318614743691752,3.08791717218927,3.2343283605854
-2.60412188148855,3.73857657962746,-3.55340882152818,-1.75005123399157,1.87412211548274,-0.528735238819848,2.90681797733792,1.92382165444259,1.9856344871512,1.99739956487839,2.41216925449271,-0.0334519626402781,2.03250527755395,0.24609174630575,2.80815233028584,0.332543236331733,3.18321652801399,2.8813827944784,-2.07632737361543,-0.418774025201325,-0.127985494237864,-2.63910911088384,1.02246771564135,-0.225196212261144,2.65281883258707,-1.25543879252525,2.04310040392599,0.106553888349842,-1.62776104270149,1.53508371648487,2.18567705697998,0.484718890526504,-0.696152871679414,-2.6660430628054,3.41188083587992,-0.53891752716689,3.11419851382961,2.14007839329918,-1.37354206293928,-0.208231059428356,-0.0310014908810796,4.44452301643123,4.38749339551481,-0.344874140124801,2.84187655004514,2.01547660724336
-1.055594903593,1.20188133565802,-1.66404870759459,-3.22607492627234,1.42465109635556,2.85489305456284,2.46935482621945,2.03844474417424,0.661922535027867,3.45052081933043,1.51894365730622,3.74034996154592,0.834480781623689,1.99778596674743,2.24512783023525,-1.37420904477413,1.46370232635782,1.6634339389884,-2.51083623570403,-1.61554449138135,2.77376188989379,-1.32443131601994,2.38801291578489,2.31705361844903,1.90820147183668,-2.57077066283936,0.531849839677158,-3.37367995902508,-1.33632965240487,3.19039599753093,3.0464743375566,-2.40373925466822,-2.7088643445539,-2.02200240422766,6.64875274082496,1.77360375054104,1.61889226812602,3.100703046142,-2.44313672830575,1.74886524210185,-0.912392394253049,4.08573710444778,1.36955998206553,2.03418159632915,1.22842919304321,1.61585839172977
1.7694243301657,-1.41662844122651,1.14582885314538,-1.49785034148479,-0.748737196069046,3.82312554690999,-2.16795918099455,2.20928647912203,-1.23478308499357,2.62109720452496,-2.21547369993088,1.39635453599029,-2.54950739704213,1.7869928548216,1.11613207740357,-1.5760047078089,-2.00239613708272,-1.60455926896695,-0.961372412277138,-0.878808535001591,3.21290220478219,0.989983183218432,1.16549141493588,1.41033291031072,1.16002022973419,-1.62403677217447,-1.93797254102241,-3.03384144876518,-2.36644829406557,2.35043542980434,3.36846663478616,-1.28464940334749,-1.1073159929532,-0.00378286313722759,4.48243179220123,1.40695277895558,-2.90717478534985,3.39194438026756,-1.8001545896159,0.861750631443382,-1.1374550908179,2.4792664563963,-2.03676765632849,1.71851394979761,-2.57697019674051,1.91844603964748
-1.91858458959163,3.03717568182441,-3.06491690737116,-2.51359145430141,1.76958501714049,2.57233273861594,2.81909047814296,2.17287422182209,0.997330658935802,2.25550026259601,1.10230059118101,0.774799352525492,1.84791175388913,1.27309706340991,2.03733967370558,-1.58105588170144,2.18462491812339,1.2934928415698,-2.48048152856256,-0.287469380735634,2.52172995635111,-1.73024400841758,3.3798091354574,2.9955297538889,4.72506865433998,-2.02454895261971,1.07642178841032,-0.544934316241614,-0.104370622665847,1.13472317949333,1.7776270290436,-1.67876923244452,-1.45893988224739,-2.07122612819054,3.88678901998663,1.72842374196954,1.64093681876199,1.8320585516505,-1.53875205926016,2.27558545444817,-0.00883509696988793,3.2244710284345,3.52583342036606,1.44084977237674,2.19569627695407,-0.338061230722253
-0.86971540572553,1.73048179746312,-2.9335544850505,-1.45968399852237,0.700124518587832,2.27955463383683,1.93045184420334,0.702725844455983,-2.91187127432972,1.82739674673798,0.534327435356755,2.18553801100433,0.0161830759474652,1.80289904528062,1.80127123559739,-2.32442698565342,0.588999545895803,1.11607323874003,-0.150091104588728,-5.08510261604944,3.01042617123269,-1.16500871188417,1.80071397716507,1.71228688901821,2.60475003755067,-1.58421581792977,0.353409692050177,-1.12811766256709,-2.36191585444832,1.79877507557119,1.80830201312369,-1.69202209181739,-2.4038070381023,-1.53714236996076,3.37435708230867,1.70824821098977,0.840649384461983,1.60265718453671,-1.81267043356882,2.13556722593974,-4.59573881760152,2.44220514866703,1.59016890753772,1.6428688209925,0.848760877300082,2.11263454880117
-4.00084667907569,3.84631964753673,-4.80367085664384,-1.52443930511974,2.94199204847825,1.54245364217309,6.37359287434282,2.2328744126283,-0.551049580990229,0.624648330070003,3.97635037239423,1.77078136148391,4.68005401861992,2.17591499583286,2.89856786430415,-1.42493175528445,4.17224633803476,4.26240396871775,-0.631515799593476,-2.35028787736344,3.76126626232016,-3.97398061012496,2.85949438935938,2.7914848173174,2.32523464716524,-0.495540357245303,3.84199452173214,0.708581433230468,0.126563319493499,-0.628793771731398,0.299793351149379,-1.93797696386994,-1.42667416745387,-3.59499787829651,1.36306007650041,1.54707340170329,5.83794282841227,-0.301000804372135,-0.549916173151312,1.36789350985045,-1.67086601400197,1.95352158385652,5.44412226630664,1.62252701544832,4.22741367378708,3.80020031390679
0.0668515382738499,0.773685117160086,0.344882811411475,-0.783330487473109,-0.660199771114482,-0.422035768025767,-0.429979027746187,1.91412909961351,1.20985452278008,1.41681554358528,-0.97557187281888,-0.640121356109331,-1.73121454840611,0.0970512167964128,1.12221936974734,0.0256564338440604,0.196217922945519,-0.205394722997922,-1.85469051409099,-0.137563762293266,-0.323526521474596,0.0017457871007677,0.197882770695917,-0.279496712516562,0.173161746875832,-1.81506702998944,-1.37156349280946,-0.694849260698264,-3.76404928896377,2.00506706410927,2.11809761853752,0.211726933324411,0.33713776599269,-0.140516823390509,3.23793341379628,-0.89644654356102,-1.93943876481664,1.65458868581151,-1.47327987110495,-0.562744907421801,0.104159437969516,2.96862980716663,0.0327820172270415,0.502422104206194,-1.02406287631563,-0.687433728507502
-4.2947116447837,4.42275312420143,-4.32220442009467,-0.42018959442392,2.54611439756073,0.208795115855337,4.34841779569275,3.01060139544683,-0.580319097468424,2.40130465885428,2.93145357144617,1.06276407669004,2.54500152895538,1.72608353664591,3.01637355484986,-0.227507295178111,3.48878119585092,2.50582270690106,-1.37489036941144,-1.17909997583998,3.39511328421626,-3.99798131860003,2.35628972032265,1.45726712946527,2.73606158752257,-1.51977549903199,1.64427641116711,-1.96154906997661,-0.255219905029108,2.27047254090645,2.61498504463086,-0.947627152230277,-1.89189357516676,-2.39277517564707,3.85150714921796,1.05942324289344,3.27366267305732,2.09901649195368,-1.64641335400585,1.32168579054173,-1.39769338856126,1.57465656048527,4.95165776512984,0.221380788374098,3.25713231320044,1.40384692918153
-3.00933545765288,3.79636688158918,-2.22758528494102,-0.442954805720656,1.88770028023102,0.371404266001305,3.24819069834883,3.24376986780669,1.6245310024204,2.09499364856303,2.33951744181589,1.09186174041082,0.960470034605613,0.816847738454692,3.1086574308279,-0.514629598388453,1.91523770777542,2.04648818446989,1.03273437347833,1.01551916579504,1.94188393141362,-3.3638724156043,0.019924260403599,-1.37051831258223,0.634289905426512,-1.74726624732294,1.22343469339261,-1.21018118476146,-1.93525767477127,1.60648668071747,1.65396024756693,-0.0463551258343327,-0.418014782604,-2.35243195912387,3.50183286492301,0.238150223600358,2.56022999348887,2.3394789337382,-1.37126116302521,0.0460435131514285,0.932819276841333,3.56151310469101,4.04244673077083,-0.102796851922879,2.29386543153682,0.709931154859327
-0.596134259573982,-0.0694613154642317,-0.184889498566876,-1.49027230843671,-0.0787264434687651,1.79167348574632,-0.577088841486319,1.19037421883873,1.86810326613927,2.42763736921873,-0.732115440790524,1.13425919307459,-1.34112249634637,0.730347354666642,-0.219906291232161,-0.951960993248822,-0.539220941189839,-0.348879748579201,-0.849305003854615,-0.653016031825391,1.2383181224027,-0.331475585776325,1.66795205085657,0.961043989008497,1.3610797882675,-1.91762075244496,-1.48227394508202,-1.19624304964276,-1.0161995852848,2.01724287793005,2.76488739018275,-2.1584245634202,-2.51996516208441,-0.80392875282556,3.82929507732623,1.16678869019818,-1.56225358028495,2.55777244267382,-2.05319828304842,1.04997289898009,0.0796929745468173,1.09860291447009,-0.168093860477672,0.964253343447061,-0.80832138356001,3.70544178714875
-2.78910514071821,2.17760183750046,-0.724457936759835,-1.31328213335568,1.19740626964324,2.07765126123603,1.61389094826164,3.47615748922226,0.488249137053393,4.85278268304227,-1.31177861124238,0.946119042294131,-0.314917138473779,0.236093374212817,3.10694431758497,0.0433693620668729,0.349153634421583,0.0479511751563558,-0.0147911646374584,-1.90427545230695,1.42145446126303,-2.66546347370462,-1.28455674282168,-2.79374009525534,0.103738500431407,-3.62527454151584,-0.350935899513512,-1.41726027466385,-3.66560830201275,2.81653143537168,3.81424298823581,-0.399118287406634,-1.41474713565277,-1.91726818988496,8.79946664233464,-0.946198245061535,-1.91389577095963,4.7549108841723,-3.19614444301664,-0.396553687369196,-1.14228869357934,3.3813598197664,2.44461212050578,2.24768907991683,0.0396841082722248,-0.789634953196548
-2.14288256542918,1.77395328324055,-1.94629642658469,-2.55287769433763,1.94279305214709,1.66991935720237,1.66251650338843,1.43579128974506,-0.0169395574510069,0.54794063345042,1.37229921015801,3.42002229548143,1.11282579120974,2.47330440653525,1.71125065255922,-2.71487152406367,2.39824401586,1.75837929402948,-1.13077699054178,-0.844567259076887,2.74631130715192,-2.02968636201613,1.74961192048666,2.0265497482435,2.23489303395935,-0.53742950929791,0.995475437431017,0.200568896522593,-2.07697274449831,0.333095927275979,0.634856504801173,-3.20998783091464,-2.2047105366006,-2.93129739864516,2.16972952978647,2.07901891161831,1.96714615542232,1.00673835932831,-0.772200366115013,2.31433311390423,-0.823447409846016,1.4636322700657,1.58783552822263,3.66447797962896,1.63031123433947,2.6461223085141
0.459352970661089,-0.0353372814410819,-1.13367687761952,-2.33169423900969,0.178394994943569,2.44057300276361,0.203448247951252,1.55813511513847,2.00550693870255,4.70831505017339,0.0912088619921296,2.20587382578635,-0.278470270207387,2.81744586314359,0.098182976315121,-0.978681773033961,-0.147057815761197,0.116658694483998,-1.60532202051295,1.10271789382012,4.43878704499665,0.0818558536788709,1.79766717704491,1.89963472386101,2.14015594078977,-2.04898282936274,-0.460844378041741,-0.657819729924296,-2.794530312348,2.18257661684463,2.81765689022053,-2.62965866284277,-3.86081714471429,0.0223622681689302,6.21596006439549,2.93506237158647,-0.129002306628003,4.28732697526252,-2.31262252015673,2.6205685127945,0.827523222237719,0.669613804176798,-0.392372966947767,2.33842975408359,-0.185151721396709,0.869377172543869
-0.984074372656983,1.71371817590896,-2.29129010605984,-3.22670058258642,1.89979491305715,1.82410487099533,2.75303861044738,0.92850173960308,-0.624670293653872,1.51665233913952,1.72701367002042,2.26776270861923,0.624511926575733,1.10071146282373,0.372831522535265,-1.84229292325678,2.22296670855944,0.796723157242579,-0.947470870302367,-2.29359719162093,1.26817313620819,-1.43513317002528,1.80106923348752,1.44528552981472,2.12666637804176,-1.63635819335075,0.0779077227178897,-0.239367577396375,-0.701019191664924,1.29789189131055,1.50009432225086,-2.79838249535701,-2.40714976225046,-1.55747639910978,2.32214809811537,1.12990563350094,1.9573557417802,1.52997173064183,-1.15350203867005,0.671563903726102,-1.77061139869904,1.83620598198009,1.87300580517643,3.29078968777669,1.64125358713564,2.12689768833287
-1.36148255914171,2.29359375238533,-3.10253286042726,-3.08643057494475,1.14683281603085,1.89057907104678,3.46849674475864,1.72109088728845,0.0527748014950545,2.6742427782051,1.4444784062206,0.927130387877876,2.2039977190905,1.27232895712543,1.59637059958845,-2.24928234253953,1.99237340314314,3.03989730486641,-2.02317350792613,-1.83449409414709,1.55815914281592,-1.45691017856159,3.84813678746567,3.2305020862056,3.63427918214817,-1.82447640886328,2.43674091730139,-1.41229044204332,-1.70440744193953,2.03079629873102,2.86047293439638,-1.86367251837916,-2.44459418140455,-1.27271719724169,4.45932450516195,0.620831323248654,1.58580087828446,2.34961705376803,-2.05921177605723,1.23623204822924,-1.0855069672424,2.30920508375372,2.2741041484352,1.76395063190783,2.09295369042592,1.55657534255406
-2.52968511914625,2.18645929327116,-0.650754952390414,0.093284956995112,0.646926400323008,-0.721415655713901,0.422794744935541,0.245133621515569,1.1403594963753,1.8089196356356,0.535326129063452,-1.6827747179768,-0.732392349863119,-0.38503617147991,0.210570026715747,0.780171270586272,0.0252865674376503,-0.576487319344599,-0.784781158096789,0.100246511593574,-1.59369110278922,-2.74706310887543,3.05105949862047,2.44558109530551,3.65119118174662,-1.09819434870165,-1.45133220872974,-0.76591402818776,-1.76975000119582,1.57496677130793,2.20967388790756,1.8395201708845,0.774298467825256,0.128321601845719,2.88639821629063,-0.134553658204458,-0.314469238319345,1.70044915525859,-1.68080326385891,-1.53576384794787,0.191194703493084,1.41229744465382,2.67384379451992,-0.776602723185968,0.253888694372281,0.975591824886605
-3.5829569804417,4.15168207663887,-3.86556471590272,-1.02669149263726,1.5946311313813,1.91769909076872,2.47559990421994,2.25430604819778,-0.196594736655051,2.2566432564014,1.92703485272739,0.746648219561453,2.62473013766166,0.326286872810532,3.80420913552583,-0.766136704124091,1.93691453918762,3.21954719717229,-1.71504532231564,-3.65582494732357,-0.0411576246944563,-3.33278259929744,1.00783703793302,-0.464802971819778,1.41088402696229,-2.3972993833106,1.86948314812636,-0.268483342599942,-2.19351195517484,1.52026601849238,1.21418025167069,-0.954437468408767,-1.46342512171517,-2.371785222963,4.34450816726146,-1.10747987147254,2.32781856672153,2.56741258854964,-1.81777329154468,0.294037155901389,-2.32946527914741,5.17931871787529,4.82695516491744,0.543520969675529,2.39693583672594,1.08088235956951
-1.22824972052746,1.85836926126185,-2.27624749993035,-2.49760207592353,1.14492394879274,2.68308610929829,1.3487265921591,3.3797698224588,-0.386664283996792,1.78647353507223,0.491099766333917,2.36482126597231,0.37103408789712,1.48219373033658,2.97238777545009,-1.76393269850929,1.64321888968163,1.06583653148598,-1.93419812151946,-1.59861996760006,1.68956088450117,-1.02923900510649,0.15527806761934,-0.357271669000698,1.14413850860316,-1.14737215517869,-0.172997871066357,-1.04059474351959,-1.89411352736999,1.28904521455148,0.922631004568314,-1.80653481972384,-1.58053679464392,-1.80823598305639,2.58264423899959,0.219199925456316,0.791425925614188,1.29972656463206,-1.06528150045862,1.44851520132972,-0.864948903364827,0.831176045900801,1.77026401198877,1.32908170513159,0.989860141971602,0.855537234815401
-0.210997752939539,2.52310909427219,-0.981893025010577,-1.61318756850608,0.92300089225372,0.868805686164216,2.75538072593635,2.19776487009475,2.67864865658281,1.64603356529648,-0.0087201060381521,0.681723644464204,0.00013847546920015,1.27803451893597,0.64907262476397,-2.03737012055498,0.856826636661983,-0.986829487931593,-0.496810866762654,1.06208175745617,0.718388545209192,-0.50180804384615,1.01938026096383,0.507242725414465,0.894946495847212,-0.187363051477431,-1.02766939949328,-1.75195896809096,-2.41383797107283,1.41590302381,0.683618149174558,-0.939317421237186,-0.627658229503961,-1.16981584851575,2.50360823248175,0.985107901191426,0.776628803818803,1.20423437120219,-0.743468107407351,0.959303650696176,1.37629709700586,3.12200284996636,2.32269549833247,1.64939323709164,0.417755591444827,2.46828891577999
-2.67766395791704,2.32125524523727,-2.48189854695855,-3.15240237158681,1.795101745424,1.62902830612997,3.06756982858505,3.50835818965953,-1.5781405355158,1.48105474838113,1.92185066493801,2.6704753081353,2.36833320775939,1.77238644009032,2.2725453155007,-1.99620805983508,2.61215817739307,2.9849278854243,-2.86251503104527,-4.32488341613022,3.76340672593581,-2.73140332426605,2.26774324022924,2.12623126980832,1.98199008308304,-1.08259488062995,2.08351787457709,-0.327337529091563,-0.792125553909319,1.20381160104245,0.89143573531851,-3.49340758801978,-4.57898800226838,-2.44745500196143,3.06157206387425,1.37568957999845,2.65007111189043,2.20129846590777,-1.34480760162683,2.0638611609289,-3.22755114651204,2.22161244942637,2.38590770149181,4.832582167863,2.37373283906714,1.6772763522637
-3.83988905161112,4.21597003915135,-2.73648841566376,-0.17542718711248,2.26324809039628,3.83777520169014,3.31889234749768,3.3858471914645,0.195116518199079,2.04777227758899,2.00996568129063,-0.66566425951382,1.79793307004619,0.385740998028871,1.86656867212413,0.799892210897779,2.21829712325,1.94752288635605,-0.0446653409230222,-2.46589642711769,0.891667389550634,-3.71810149021803,0.218797883126035,-0.982981255959899,1.71498072538109,-1.39668398283105,1.01564673843303,-0.863216861716905,-2.91374215100735,0.859780060621527,0.837385241076817,1.20414795286511,0.346522899347161,-2.27866984588994,4.6206288370351,-0.0871347754379039,1.94420527770105,1.85799238771862,-1.22716791121013,-0.453576218415509,-1.79405960889325,2.83269119955335,5.0510929422658,-1.32750771713449,1.85359413875892,2.20086409962307
-2.59901091762061,1.69616492391053,-1.66513532524068,-0.4479882731755,0.592929930779321,-0.622117894074515,1.69058209923399,0.9710228134773,-1.06713201679077,2.46737773862005,0.827905416379664,-2.19095159398014,-0.4034219834886,-0.790956838144384,-0.123106990617706,0.102587998062363,1.14499095950124,0.638856555905564,-0.937290084542246,-3.29137466127021,-0.807111416007791,-2.49006722605187,0.13178350402531,-1.00343366672816,0.470424656260051,-2.14912249015047,0.311286929521944,-2.26640647352283,-2.17628373061293,2.20807514002527,2.68806430894527,1.10453792454147,-0.235122755950619,-1.1224455267692,2.91248282925433,-1.61874240896778,1.12982180367512,2.12947648044796,-1.95378022210427,-1.09543752120187,-2.51350530499057,2.24388756433973,2.41422512103482,-1.53069450914454,0.49191380918988,0.306574598278058
-2.6941640701512,2.73318544506744,-2.36453699471376,-1.18396806021452,1.63747432038599,1.21658358737286,3.55710637633644,2.26112320656083,0.938544147211821,2.16692476625788,2.24732093658321,-1.54407952824412,2.46529187642168,-0.216359545083179,1.9051711920217,-1.17519367095202,2.49234904420181,2.71692450597511,-1.00447262285944,-0.814756471560136,-0.772459730629392,-2.53775041545783,1.83518604647887,0.777177699493138,1.79837467447941,-1.23865225676771,1.92444126515902,-0.352388366500069,-1.80461164494815,0.442697394986153,1.53805009378015,-0.122337753505316,0.665141656077106,-1.95456064314246,3.94258686494045,-1.38001861490446,2.12728649551574,2.63360825552807,-1.12315393238021,-0.188307771146462,-0.517438236663371,1.93288085441211,3.17972845214273,-0.357069299863142,1.94219619786947,0.986612968332286
-2.97633762969463,3.7236759912046,-4.51360371596227,-3.14800286822052,2.58009341723474,3.98058968710907,4.04803724080169,1.70312020628424,-1.27603145868353,0.187123388732429,3.99551591000191,0.29329598433278,3.53386516222109,1.54049744552568,1.95549635740406,-2.00244698632276,4.08907767340714,3.08814329189735,-2.82047447466021,-2.21822433416613,2.14485787671081,-2.64019217026129,0.0747195157483757,-0.561214792939798,0.508171225554662,0.395668854967432,3.16874473201528,0.598085104314732,-2.21579578264753,-0.414600529377267,-0.16453050844061,-1.97750853470741,-2.73880926280775,-2.59562829200788,-0.688348786941463,1.12722689479495,4.28481286982763,-0.289818229856217,0.402522297524726,1.47737280243748,-1.79335686128945,3.02137985336114,4.6428357216611,2.76594646524101,3.83714028864698,1.65420383840482
-0.31117704539027,0.268379954936101,-0.0031926964636827,-2.11102129737496,0.881585993472022,2.08082596623015,0.0917737544261247,1.04040409542909,-1.45862850704799,2.35913403563018,-1.08674943185935,1.44848028111359,-0.459282891508306,1.95399821951185,0.915645030354141,-2.06018773282344,0.673214116745923,0.780907475744058,-1.48914781506587,-2.2684055873988,3.04686627587472,-0.51924179031224,2.10975117900056,2.31853630203229,3.08902652189172,-1.93908433907012,0.124048023810232,-0.399657832189061,-0.210669187006397,1.23056562807062,1.77751595868749,-1.82080305259417,-2.50150213588783,-1.6004307596805,4.53192281008186,1.80407512663102,-0.479419348338157,2.6491357705671,-1.67924690116105,1.82712770707633,-1.61047008526892,2.35510879942514,-0.135749697789995,2.46867105889881,-0.534512561363447,-0.638394949581212
-2.93303327821569,1.54047489397649,-0.773694915535222,1.17212736687972,0.475516835989357,2.7113677504399,0.237972278734823,1.63155945383719,-1.12077787627361,2.32262010661695,0.211769454603653,-0.729626684711206,-0.750618103842546,-0.387644182818814,0.281289918114636,0.0662443348265649,0.217662830222697,0.997673355730214,-1.11593022938206,-2.28173876509365,-0.3638103643093,-2.49430927775582,0.112059091100485,-1.22016301998428,1.16549515920111,-1.80830903239575,0.556677421067457,-1.96155050904164,-0.475460885162088,1.36475742652654,2.05067889141081,1.33818053920305,0.47862591074589,-0.39685817016936,4.28763566727464,-1.37220721607136,0.255629105032182,2.08113474083556,-1.7297945937912,-1.44675106671064,-1.68700644581931,1.92144204349706,2.24120639457788,-0.685444444996665,-0.239312509392996,1.36875463720068
-1.09244250607858,2.26585252903583,-2.56373337291237,-0.654600243395374,0.405948655573361,0.971935320715617,1.92990424598805,2.96766540163912,1.0578672126179,2.17830593114184,1.3854756563292,0.446818546976984,1.82555674556173,0.777555662195736,1.23089120506642,-1.29331892338093,1.5943365935535,1.84026169996249,-0.807222304666676,-2.67758769063549,2.10911686195117,-1.08452666767296,3.01690417356376,2.1237155674056,3.44486862214329,-1.89545446994716,1.17686050899375,0.00469486663602625,-1.40545908745103,0.84990523729337,1.39662955742783,-0.375980647428081,-0.142625048617941,-0.98338814271671,4.48621621531293,-0.0774837367519629,1.27693830880663,2.31668280215699,-1.5858956874686,0.336456106372005,-1.31833383658428,1.30616419459183,2.04435822931524,-0.908121732228318,1.3905334259214,-0.491596337498028
-2.06463931505237,3.96568035436196,-3.58471243892796,-2.67415989416814,2.01666539493301,1.15918601241681,3.45994033717558,2.76638151974479,-0.205153692803026,2.27923446446851,2.96575695087668,1.29892182941783,2.78769076395046,1.20909286209683,3.21906483414625,-0.817971474029318,2.66079902963326,2.81816170028395,-0.371540243003149,-1.3643852884331,1.09476988640853,-2.31706083836047,0.623647948123221,-0.417159952074227,1.87883071566733,-1.15207747592169,1.90463299095738,0.421964382050728,-2.00862735919834,0.707444395370559,1.01266104757621,-0.520118223315042,-0.952848430678224,-2.2997732866386,4.83997586061017,-0.101530055255064,3.21797883361062,1.75853751829272,-0.570354334061112,0.343332645649882,-1.11425700056305,3.95976130966967,4.73601817782458,0.845772506739926,2.75651515235346,0.867760329653323
-0.873762707409962,2.19027158033666,-1.71779029866807,-2.67986852696599,1.36150380900186,0.438183263488449,1.55034199545496,1.14185087945823,1.58869646249966,2.33307588165847,-0.189887260753844,2.5781818599417,-0.679514623490168,0.437067720972363,2.08559465641433,-1.50721689751526,0.684349343583223,-0.346258371200032,-2.3420081350218,0.47776769271952,1.25289246852562,-1.04991450689064,3.99585579602983,2.78956548725255,4.19330632916402,-1.77639807114994,-0.83175080957073,-1.23130835738057,-0.497948825162516,1.75930032445531,1.80937172580325,-1.80323891120267,-1.46159374162978,-2.04972334718397,4.5488304427484,-0.784919003992247,-0.168096764078462,1.47623622386002,-1.66140267486953,-0.630092330892638,0.504396123024069,3.28864382943411,2.47559256914186,1.12293751402673,-0.0418244170882524,3.13918310008773
-2.37367018143561,2.12382707403994,-1.71635323621413,-2.52537657082837,1.32230861663042,4.452045456189,1.70439980478022,2.02549701155279,1.73694166706498,1.37257926925969,0.660515415631268,1.61914280462554,0.358712038574438,2.31319281638201,1.65554718100539,-2.73143418331321,0.697379124658656,0.973380278789393,-3.18556965214488,0.489798377154676,2.42189787589354,-2.05469823936583,1.87793109543965,1.9401344319515,1.42734623201604,-0.780291444283814,0.673562748321831,-0.131282575522595,-0.706224161815548,0.552336685503028,0.20497562939645,-1.51317637939563,-1.60224738649259,-1.68697324076,2.04254232755112,2.29165270142402,0.148473092750353,1.88700960856027,-0.664133403341763,1.66441562927234,0.870917787091752,3.28842848727213,2.3718849169239,1.04735456407708,0.62674694045059,1.57025029605496
-0.831119448144985,1.7844392629167,-1.62326702116417,-1.76546373650168,0.81413272329019,2.36696242153694,1.44799245820969,5.59285751938091,1.21422496260547,3.27067322847524,-0.256902985000211,1.18403619960708,0.434170775071816,1.18907902419106,4.34540018662715,-2.11732525039836,1.05387971167459,2.10652628866867,-2.257406452336,-2.0993318266304,0.692542216652445,-1.28821743106599,1.30733695526212,0.689753789917517,1.39887854423653,-2.18758136256338,1.27931276481379,-0.259960879029639,-1.5267385825687,0.882455314242572,1.9368728067901,-1.79661971119868,-1.89653593027658,-2.37858976265833,6.2009595156923,0.0362167542900764,-0.314982303522948,2.80555027347232,-1.61405329498046,0.76168427879257,-1.00276261930219,4.9857358286824,1.48501309301052,0.761506117527533,0.501339669825171,0.0140709165284557
-3.23332815080008,3.6762084964753,-1.47600070896964,0.727970438508506,1.21016948480393,-0.0133599085857114,2.66441123704276,1.04376739204201,-0.932279196913683,1.04407368796731,0.968055628107359,-1.88410043020622,1.85131160858236,0.551792344474961,1.07137672191723,0.498407903614045,1.53127591716332,2.31945034994783,0.180798505907985,-3.41961487633603,0.73736257146802,-3.4563208101529,-0.813643827311529,-1.60994039600052,0.499355451417607,-0.201504724252831,1.69337142849724,-0.612725731727586,-2.29190311514812,0.552254220153467,0.174219369741774,2.38780544871409,0.881664724637925,-0.926941401955636,3.71690290037625,0.0764731851337635,1.42599068723329,1.44673758861426,-0.331649537718292,-0.982113937334532,-2.27328432739541,0.0322845277534479,4.42346983244547,-3.29679285602636,1.45551276953351,2.34918515703034
-2.741917807355,3.81415649252219,-3.83662304585719,-2.42114332387688,2.41558128573314,3.72592545155644,4.79457845145375,2.16605512121895,-0.185118383052635,2.11831255631193,2.99156765914473,0.751465968302548,3.50296647295105,0.71334038024483,2.2450719281843,-0.46451205035508,3.37286754938452,3.66484156890591,-0.327528457579544,-2.54633124388641,0.480528088733284,-2.69393860197904,1.50941808439143,0.181992388589765,2.53109495425494,-1.62223890305825,3.26120768765387,-2.4248764332654,-3.35088270235582,1.99923875304638,2.46728283097125,-1.39201574074924,-2.75987843542516,-1.95897857610625,4.68319093983706,0.542998554618421,3.50202323208333,2.1502091861787,-2.14705382070375,1.63117444223463,-1.57350610911519,4.33825244762274,4.13774970026499,0.606112912071033,3.33128070036282,0.0172878816592867
0.185251622620869,1.10858034811075,-2.07229123236717,-2.52905763388137,1.1223566497743,2.9206469577323,2.03422578270856,1.4255667995584,1.46703241765882,3.15207043032722,0.641520803304122,3.47236878163727,1.08815614703095,2.47540691997879,0.460731400019817,-2.35552499779594,1.20221838356443,1.56529820333836,-3.01106060412403,0.125273940036894,4.37663276317031,-0.00269588942432508,2.55319104423845,2.64419077799058,2.62779213589333,-2.85933054087089,1.13156329889048,0.2942561601725,-0.443585994764158,2.02860720908635,3.11867675699342,-3.22427122054191,-3.204727278949,-1.56633214525383,4.99824522129352,2.49496139962881,1.3783623876651,2.73183313571875,-2.39614594134762,2.06975030569214,0.108354189254467,1.05211451320779,0.843361610152221,0.862785620887681,1.04555226024786,0.768521859367343
-2.50815006994129,3.99147717135169,-3.88949854013932,-1.87772336291962,1.63580747261032,2.47896330649137,3.77672151646558,2.7425754715684,-0.0802823857415536,2.9686158715369,1.8747268047289,1.62930112142305,2.17078376269215,0.792881703808888,3.76330216355395,-0.708730132134834,2.54184765417365,2.78758998959807,-0.959834018427031,-2.52849976730081,1.24076340418631,-2.71640381499711,-0.829976529958756,-2.33942152983727,-0.133632649833386,-2.55133295222108,2.3625893253813,-1.39035018658203,-2.67520857696225,3.00432479469647,3.88940029096412,-0.65866634198399,-1.5704710453711,-2.36653863671423,3.83138481893147,-0.697314145698567,2.86385658866029,4.04261557104394,-3.04030667127098,1.06023278096487,-2.22017552403424,2.7659085175126,4.36668081013077,0.609996296893518,2.47145850256441,-1.04691103105406
-1.21345643766947,1.31189554111841,-1.79293619608272,-2.83957603807088,1.22179947905102,1.07971629179706,1.33501142994897,1.79421952125555,0.867471220069154,3.58723045018864,0.587982735760186,2.88238685089184,1.247972395319,2.20758908220543,1.49120751959713,-2.11663993055561,1.76644770117793,2.31563814115826,-3.85269967265728,-2.80605827569124,4.73208923963548,-1.04690615196576,0.650818382336614,0.498313396776392,0.871282606918112,-1.95801353537753,1.55735353439008,-2.1852808285934,-0.730449034870435,1.93651455589979,2.88370159188151,-3.50388424362296,-2.13428749563191,-1.6941816355014,5.85702989974065,2.36944761939031,0.881476924626641,3.40788138404506,-2.06020799087671,2.44685426865545,-1.42387125450989,2.08327668415225,1.05966145300588,1.81884204931568,1.01515545659006,1.40937030740446
-2.24441100267222,3.21917015430176,-3.81399165122992,-1.60016940134431,1.21002781934202,1.25218635048382,5.57261002768625,2.15423553854256,1.64672771123037,1.16819489445591,2.91242733280182,1.58149537106504,3.7075991838228,2.19648370116371,1.3206558054716,-2.00423382781942,3.98963633916891,3.55143263991871,-0.65300296972926,1.35741163288647,2.95216548039918,-2.47440952799312,-0.169472039024961,-0.57328625441173,-0.171786689490634,-1.66331379170756,3.56721057775493,0.881167360974905,-1.96777030793394,0.446594283604585,1.38481520995098,-1.09398062673805,-0.772598182078289,-1.2468347150487,1.69765423641205,1.90654476473229,4.07821228973918,0.715153772679509,-1.16795081023563,2.26931511727781,1.03422077395048,3.5018702588206,3.02226557345066,1.24209878464314,3.52936890779677,0.909006933495972
-0.467193842559618,0.713622037082926,-0.89986029007102,-1.25757110913844,0.441884146216208,0.66817512369127,3.20800877443874,0.915783177038608,-1.72111391494117,0.124569193575209,1.51937738888689,0.0227973332448701,1.34740439832837,0.369429759635158,0.545653758488868,-0.666809356380869,1.17570059106271,1.47005831022037,-2.27444611019979,-3.30042719090696,0.377232443047272,-0.259378191742992,0.700731998348115,0.41673005878977,0.423760673975946,0.280883945352622,1.74712752457342,0.979433577456254,-1.84753648315704,-1.16072532388886,-0.687492911995214,-0.116193083576127,0.836841600904323,-0.981318248116696,-1.00937160056542,0.65724526802257,1.5638680907415,0.145678134845781,0.335851444514494,-0.499227294219546,-2.6805781755185,2.29128944914377,0.313558851705405,2.29909320879897,1.54344461448429,3.74698429112767
2.04614999592767,-1.44305009488904,1.32851828113887,-3.23738306156117,-0.642576497676169,1.39393954851082,-1.00851530904422,1.87305879981308,-1.37194075603258,4.19101465161694,-1.89595874905201,3.26794564613683,-3.41497198512507,1.89623363618152,-0.353796410232934,-2.7062512110257,-1.62076382641928,-2.39976456178667,-1.82180977388654,-3.322667723004,1.36185490946752,1.40704298442583,2.81754243355938,3.01543233948373,2.44165672198783,-2.82413361387136,-2.87929968471967,-2.49387032327672,-1.12450042131842,3.81377046470398,3.54486585962296,-2.8225835524657,-2.36372015383317,-0.536565667537316,7.7472505487638,2.71368795015951,-3.58325437814509,3.7994580849272,-3.28407211911791,1.94703159123623,-2.36946691675175,1.66057410395457,-2.15424223404717,3.01278461686564,-2.53187069595319,1.85039491492029
-1.10312133634865,2.06407226966414,-0.944354031390538,-0.0336197055181953,0.951591099378317,2.03952041041035,2.10017739491356,0.706810250310401,-0.0257040172903273,1.59244533366838,0.0129974382922111,-0.00102260430040879,-0.728724542323794,0.73504186411635,0.703849406763842,-0.325780936350276,0.393961148515516,0.499784456777119,-0.382645179481679,-2.98406543688277,1.85865685173339,-1.42715770811205,2.11080721494826,1.64278788025533,3.2226230633722,-1.64958650624216,-0.743534788888028,-0.814082069487081,-2.80730862120096,0.938206501316132,1.16127593457131,0.809225612821691,0.170958305406543,-0.859731457125687,3.23311486385949,1.118900492586,0.262988782916962,1.41819395983727,-1.74323984875553,1.07377627360208,-1.64333840503923,3.52774347488848,2.2089662837579,1.34594216352355,0.0538371938261504,0.425233912251797
-1.93289156115674,1.29625655257464,-0.950220002998825,-2.76141865552097,1.6960864633013,2.09494241900552,1.20393413221168,1.16104432476446,-1.02192531758902,1.29747711887075,-0.211057182558603,4.21450740108485,0.616492711970011,2.79533240019528,1.48820846716384,-2.62497443501899,0.671669440795726,1.38393175524588,-2.73592333646266,-3.46457633003589,4.83734625047339,-1.63262533353434,-0.243144584788371,0.181641804275102,-0.14939429811714,-0.404691709663715,0.149618608836804,0.0155577232111955,-1.34758862978537,0.510471452068141,1.17628269786235,-3.53335320294273,-3.31035394230322,-1.68634087828168,0.639120733500107,3.84922778552415,0.361419366855172,1.00656588040474,-0.620188101936511,3.45506255829423,-2.41823414654074,2.03502469361293,1.26754100379417,4.8278875819026,0.378896295799163,1.66293735947593
-2.41188441039056,2.38334087866913,-1.2637875960123,-1.41568304517768,1.00067767831004,0.677219492585582,2.51564175142606,1.77506246321051,1.08391105107637,0.71486580708756,0.798832413499581,-0.270271883430435,1.22698549003435,0.459516704807003,1.2024967038525,-0.492883832423652,1.35960437291565,2.23186489681301,-1.38246118040705,-0.390833162201876,-0.0701382057475608,-2.50735375485879,1.23820269090154,0.69989696670209,0.904149102641955,-1.05124363200932,1.26944252402674,0.424167917043034,-1.99288089751166,0.505771470509767,-0.0428567420315321,-0.355413027321506,-0.567868045874312,-1.30830227911226,0.813115763486423,-0.320953843463459,1.1859185702461,0.0614336806228156,-0.471394293216771,1.02934429425997,0.253405082994802,0.690944040751277,2.50502707222393,0.863046675909247,1.13229111540713,3.23523607216031
-3.92691415275353,4.1042413756829,-3.1924014485764,0.743776275297527,1.13059127304678,1.6642164758648,3.05776395148311,1.73055281464896,1.68182726221867,1.35900950942009,3.05195745518886,-1.15251171042213,2.38501972013126,0.305308364908392,1.34967959099071,0.597139042936755,2.73926513515577,3.89314838045444,1.19717298951748,0.784597261652954,-1.16795222394823,-3.62158028257091,2.88326638245881,2.18481137365562,2.01361658536794,-0.127631671785728,2.71006743633126,-0.299528586155313,-0.777293779466221,0.399897449333753,0.429550977943016,1.14051905012725,-0.868688114022858,-1.31797065473189,1.54222879337193,0.119664184676413,3.31020591266192,1.56818541788655,-0.285376945259787,-0.0652995317787095,1.01877636040639,2.17379400630323,4.58936602430618,-1.11529431403859,2.43308041301244,1.26440259924514
-1.49333217726867,2.26443479541437,-2.54654719168322,-2.61296671587887,1.29610936995083,3.5448054033709,1.82867964531708,2.55057503844106,-1.29222771702877,2.08814500948861,1.796303736854,2.17812735850194,2.10609759724021,1.83381973975807,2.59247210678327,-1.35044426217924,1.90606849946044,1.89713239243133,-2.45885640823344,-3.61299090656602,2.92515216061792,-1.4886054739659,1.27763933635625,0.757997019570764,2.19980573228439,-0.969747003451511,1.54073540151652,0.554373935967479,-1.73448083867674,0.793848937586644,0.781378502184137,-1.66031228359019,-3.23530588815281,-1.93226011100065,5.08476690299568,1.81892928740883,1.90901731858094,1.15909484658599,-1.20622796630311,2.04786508977048,-3.03566059277316,2.87686357958152,2.59581137017418,3.04685911646217,1.8472629688402,3.45082000645543
-0.285006081943665,0.514826428652382,0.213641485534526,-1.91996585603175,0.0727077484278391,3.22097790707256,0.547863791694818,1.25419159736395,-1.14216434921164,2.04933728554741,-1.28555105088979,-0.1235600402748,-1.67230801016203,1.67406433190775,0.118335452515198,-0.546626762978846,-0.0250812274536389,0.164211657481112,-0.952931789563369,-3.01815454663955,1.2959245711607,-0.496488722450002,0.795232261408463,1.35008335702791,-0.464430028872955,-1.68956347070138,-0.464489997724391,-0.695629306164252,-2.07094112135548,1.00648922503456,1.19733499018037,-0.850591457617232,-2.27704725413694,-0.663292579594999,1.39557048911648,1.67949701452452,-2.28705895899319,1.42149710852928,-1.31445787585052,1.63481606901095,-2.13615352752295,1.02451454871628,0.150090767347016,0.349812147958356,-1.17464128346306,0.806806559136954
-3.2882411032249,3.7434532224818,-1.77840918390452,-0.73345448875834,1.19660620561946,0.607068165185412,2.38983489812579,0.909326835312068,0.476426885126241,2.12798670432752,2.12708520661949,-1.79187704652236,0.548060977995099,-0.63045682385492,-0.448417644830122,0.0804179325324427,1.69767948899163,1.15722759728768,-1.8123059212397,-1.36484711825718,-1.03720833198014,-3.32936790069842,3.28593111788367,1.65357401330471,3.72354834743934,-1.64456137643936,0.989444870203384,-1.02708945000866,-0.216222932151672,1.14881483001831,2.20681009218328,0.923872205038153,0.791914207918109,-0.903697647818087,4.19964826376533,-0.214407322302661,2.81909437365626,2.82356400132592,-1.58168503770256,-0.210688819497193,-0.876046373985976,-0.343712841536204,4.24669608785795,-1.22178548894222,1.49738230749691,-0.231293340267678
-1.04182210391987,1.55763592170344,-1.86056948609475,-1.58468738706015,1.18707185769623,3.38236549289087,1.13247133105917,0.634127685010537,0.977202480655856,3.02149962800858,0.765601848538859,1.73363407596579,0.483902921847903,2.74876856904337,0.226302687028974,-1.09018814790174,1.60739170296297,1.26865420511826,-1.45257916837489,-1.97694321452187,3.68825813525447,-0.634038257531355,2.43961308490643,2.37135802630948,2.06987844888581,-2.13799017802844,0.430787028778529,-0.615589753705985,-0.394546447319447,2.61598302150694,3.33416660871902,-1.44540059465491,-1.71911387619454,-1.40687281283889,3.97423063854688,2.93948117852387,0.738108630882367,2.37649093777865,-2.51159312654766,2.93233701967427,-1.21686376719144,0.990437829358895,1.33255409327119,0.833597621146287,0.765571894753333,2.99706412015965
-1.13147398564108,2.5730862388115,-1.17318418145138,0.0530313498183197,0.629635252800641,2.10741946558166,1.99982123944441,3.34224782589787,0.588941200421794,1.24754944986137,1.04583713558439,-0.288579859051693,1.10097097738764,1.41609228994371,2.41366003048911,-0.557340286863282,1.88692009336463,2.84692434987134,-0.220298241278844,-1.0633773243214,1.67392692697105,-1.3673471826325,3.04296104124203,2.81507760044921,3.27536370378791,-0.511751999302708,1.54252932862919,-0.0518432102870715,-0.0545373254915484,0.194371822426966,0.41221445459736,0.203629168956698,-0.382012334118097,-1.83542719456581,2.74086729298038,1.07485614585046,1.01937794081516,1.21133436984152,-0.614073858351148,1.23500337357024,-0.742154012506359,1.79037039839738,2.60277631439773,-0.643000515670805,1.34755746358658,2.21382351801744
-2.97537249974992,4.60918540216424,-4.09203559691883,-1.070134197312,2.53626150299711,1.89712888329375,4.27620864479555,3.48504742757162,-3.95990613146758,1.46212167335017,2.19384219501356,1.49269892630219,2.56758148939535,0.897601407735614,3.4301731408128,-0.8687547903713,3.26603497863234,2.29396930745243,0.806728680515402,-4.72360599471627,1.00121085130982,-3.3347518224879,4.17806827097077,3.44238395934662,5.09716036206987,-1.73134962356196,2.17194177890879,-2.30662564274196,-1.84479726163763,2.00370582297198,1.13625811149212,-0.707831184740359,-1.45979332229846,-2.33195791719319,3.23974677851097,-0.00158635013228792,3.77783504657923,0.691404165999549,-1.59986651202057,0.495494319842201,-4.71982290607711,4.01124217294024,5.22789917202466,1.19688929236208,3.04422653732638,2.8687999077164
0.121392806295347,0.663750880083247,-0.312599854059688,-1.06584867763075,-0.223360434160371,2.09315737130996,0.265484755236395,1.02650938061569,-1.8051000147966,1.33186314923995,-0.26633306839599,1.06599141468857,-0.526475537244211,0.621908904554525,-0.445902104922963,-0.668004990251931,0.29447472314741,-0.0293146404922202,-0.0064720540006768,-2.63507766901054,0.681327711180032,-0.0237792281244383,1.11554142187156,0.668931428898603,0.87127897408019,-1.00188704806484,-0.417561094077784,-0.721436635586323,0.213267841336946,0.427388463574987,0.664513189314603,0.0766061892239517,-1.82530861173085,-0.270474437835176,2.20155645932948,1.08722401079091,-0.0959480808851991,1.62781159315901,-1.02834023315478,0.792284800713187,-2.31032428826685,1.07670510354919,0.317056724442466,0.250022767994804,-0.313585105047831,1.84278163771516
-4.22485372621793,4.20273890088311,-4.03109871487352,-1.29713809220976,2.15193631392297,1.88291709766981,3.4007865317367,1.23794352746296,-2.00635273264197,2.88116604293281,2.97958123253428,1.46211316549827,3.31290403864868,1.56826812469607,1.60462964898264,-2.81054037620483,3.15428356264846,2.96694576519252,-3.26349250236552,-5.0304718820814,3.07678447539632,-3.95704727777581,3.21825384572741,1.98166315140742,3.25738842574051,-1.97495983821802,2.79278955448666,-0.85224799895484,-1.3555002441819,1.44381140994489,2.15578131114839,-1.50058875356122,-2.29883255241803,-1.84523284796969,3.93059987450428,1.24652301985782,3.33319566020815,1.97731379826298,-1.8652918602582,0.740300113422187,-3.68352620457505,4.08679372895985,4.41787465152656,1.31744061129156,2.99263853870364,0.181845263360018
-1.67521357111054,1.74463104843082,-2.3278403174191,-0.674138251128304,0.965411494646862,0.459134192563075,1.31609619237995,1.27810368930443,-0.971023952376949,2.4589053902887,-0.1710722462724,-0.681519379252904,0.198220414353117,-0.408121721928338,2.35350973671524,-0.515189893563393,1.31739821089214,0.675303479153766,-2.58088589669649,-1.04318454046607,-0.825624243388538,-2.22117437087014,-0.675379828398949,-1.81126924656338,0.0663451579712001,-1.94830442782395,0.0109325548916555,-1.66764667326596,-4.02455706331368,1.50476084197815,2.25803493908568,0.257732407581672,0.504080174952664,-1.51365568061455,4.31051066545196,-1.43168790796005,-0.0203005489199857,1.58508914292835,-2.38781804525674,-1.25734653538909,-1.3369077266737,3.04505567527677,2.44597313989107,-1.09829688667919,0.803815557950923,1.75426852041759
0.299509592864453,0.685012524571352,-1.42532499688589,-0.815534252081395,0.127622705123643,1.22415331013382,1.32344527659115,1.69794273632221,1.57504553798602,3.88036933138375,-0.0810194473222994,0.866144827252535,0.0208714439936517,1.56087269158525,1.13047398379029,-1.43595966347161,0.826684859127363,-0.950081863625249,-1.22639271226998,0.579384980829091,2.58085292986157,0.0857473091832019,0.783947459142263,0.193193492600843,0.914561447150863,-3.95470014745707,-0.76655404450325,-1.54689299035715,-1.22016227775979,3.00078002440632,4.24663359087893,-0.461582957367456,-1.7352165792101,-1.02903424833097,7.29655876288959,1.03490747482147,-0.862537424962183,2.85585329130229,-3.61562946157193,1.22180058984874,0.973881042309343,3.58168944951105,0.203967553250587,0.832506991748935,-0.275843835227489,1.94041309431754
-1.88182874139881,0.67848907321782,-2.82667432320093,-2.4394997973774,0.97400669871744,5.59393134628589,3.06554930938999,2.12845161067147,0.871044126920996,1.89167138868038,2.6303963547763,2.42614751488298,3.26906585922547,2.1264837640823,0.715353085548644,-1.58380576240002,3.02313641413593,3.22395988392012,-3.68340561587779,-2.53200220864509,2.96486841479327,-2.02482257432742,-0.758531672505913,-0.843504950924549,-0.0911395558431967,-1.74421419442488,2.42329062342578,-1.15605353278514,-3.40702439108233,1.26411095326565,0.700527053367119,-2.35814608278392,-0.91316069686204,-1.22374286169694,3.8200459797155,2.60003036689076,2.85085582944114,2.09290260466209,-1.20991949174401,1.47316395795517,-1.39172555384608,2.02416142750755,1.16912875781659,2.18507511969,2.54931023412095,1.79820293966954
-2.83389066516719,2.77056772380659,-3.00751587983368,-1.60267281631784,2.5818788539338,1.653189815589,3.50993841774685,1.79933399910919,-1.15234324809905,0.987311263318081,1.51860824002577,3.3255469416736,3.29906220419087,2.57879741327139,2.72980961060748,-2.24311771990894,2.21990833171096,3.10702711700903,-0.686279317939077,-2.85247062316754,3.14029085306535,-2.46467265937679,-2.84271997110388,-2.94867486819652,-1.93354597845859,-0.628655062246191,3.14738183355391,-1.16765032663337,-2.66156547332212,1.08635492138528,1.06635809182719,-1.62560677814205,-1.28261813861826,-2.47239720534718,3.67715320633457,2.44329535341674,2.17516275308886,1.84454553616805,-0.57675410391142,2.06979853670218,-2.15961755367942,1.71529600943012,3.35365869643221,2.11125371301673,2.27826438176129,2.0772028081192
-0.396740997598905,0.618826876465369,-0.535057900305431,-2.91309656163694,0.818092879209206,0.909853754185537,0.44330005668948,0.987386809835887,0.665771584051842,2.06018678236447,1.26346055862815,1.05107096950281,0.0501023831938723,2.53994266566427,-0.766104590575442,-1.59598635792258,1.03847272255592,0.894433188354801,-1.44720596496631,-0.70929538320785,4.67575350663739,-0.301916433846261,1.86299478905121,2.34530968523107,0.915544182342736,-1.17055027471851,0.0761478830960417,0.0889889850570846,-2.11983845802521,1.11333989977876,1.99959568234658,-1.73954324178676,-2.4984240151869,-0.768901651500324,2.26841195095309,3.70299651536888,1.4440651260534,2.78250987838341,-1.00472230488131,3.05835934170499,-0.367706069108907,1.24952712931265,0.110062001118294,0.718011906763411,0.520058998334478,0.473610148435981
-2.60347586252188,3.25106529394344,-2.59124594814563,-0.483293904028367,0.820028919928493,2.18644155391277,2.47675420634934,1.96679351972966,0.899800640313234,1.42399186489231,1.42055672590719,0.320383746360458,1.27660088779608,-0.806554578913242,1.02522931811167,1.8695176396248,2.31013696184771,1.50665663144966,0.380340554685408,-2.20538920167569,-1.62012473238002,-2.52565290500678,2.61808748312477,1.0215085663355,3.4766845215573,-0.19432888276763,1.15572175487025,-0.562312088005775,-2.59755910698687,0.150124933542665,-0.21037292777434,1.36417511972802,1.17985786087213,-0.94901155591897,3.35798608466402,-1.08648365604062,2.32443435696781,1.15442744475263,-0.562363636287129,-1.2288069397602,-0.671548412428603,1.25293276374592,3.24607554949701,0.015564905657883,1.91908023338888,2.12688211023178
-3.57135475057053,3.55875536471831,-3.43364808951502,-3.27224702572424,2.56057864619902,1.61997361135576,3.49270740179783,2.17514867012024,1.27938065708466,4.4073686757476,1.25930992358965,2.31584983341773,1.47376297889828,0.849212445326788,2.13708212635481,-1.50134308308803,1.83598745106279,2.1310996548819,-2.91969946917566,-0.776902856649626,0.0235110912137898,-3.62393136849863,4.88554476925581,3.69070031934364,3.91826283605309,-3.13514009310772,0.860665666343068,-2.15872328007984,-0.876836173432209,3.47632224055082,4.9198695131348,-2.9225896229393,-2.60815427554911,-2.847242795446,5.35174582296847,0.643903268193109,1.48978634735131,3.9132740887329,-3.19280970670918,1.09116907570757,-0.183072985473192,3.88331544129648,4.3454248996691,2.36950264698778,2.17987007692529,2.33650540245115
-2.7098768968407,3.31138681991575,-4.51682687202751,-3.09253768867808,2.31216597925132,4.50553982967676,6.48449876279377,2.67867103727938,0.714682187751418,2.3201757240898,2.52468548066619,2.20655346169034,3.75882041825591,2.11650468825706,3.13979944701244,-1.6942275616235,4.22142496772392,2.74473313199994,-1.4566376469862,0.420547846291034,2.07558127858462,-2.84224763759751,1.44576380338983,1.01154412466015,1.8089753515381,-1.30323187095813,2.59887377836393,-2.50393009666737,-2.44198112554054,2.30665556045526,1.44116578697644,-2.20389738083837,-2.39841504455376,-2.6636513166581,3.80954645768116,1.13939875533916,2.99155047024754,1.54185304405869,-1.07193548707052,2.08139393435907,0.32830431270661,4.73365972034044,4.04452294726936,1.62834494248942,3.87545202023503,1.54237423305912
-0.819247680335829,0.0742600673776911,-0.629741027480464,-2.6241589667825,0.879190310061562,3.04087302998368,0.854832827034543,1.59078905333207,0.918807989029812,2.34923580626831,0.824398599205201,1.15748100400776,-0.0115804512713521,1.54228479283885,2.62363245253202,-2.34280429540221,0.605286871339379,1.74550263688927,-1.40646505510846,-2.08595282990227,2.13890848341765,-1.09462784531308,0.311803697092784,0.399069552430711,-0.00384637194834642,-1.49501085045724,0.714107236673733,-2.19089761897723,-1.76037410408701,2.23939258080313,1.33994771444094,-1.65401688108624,-0.281966948078733,-1.72132647965472,3.94568948028636,0.909073297940879,0.494666571142854,1.50093001527273,-1.31360648994638,1.47047811943005,-1.34946763148575,2.75468537245927,0.536452118586282,1.71985544443804,0.481496577218031,1.60649485569088
-2.01380988935566,2.14332834739025,-1.30730208894038,-3.31082096386793,0.828964844391147,1.83869005420322,0.872121460250305,1.38238059150225,1.33598716640512,2.6323878301824,0.0282275467622721,2.56530619210796,-0.217323142552721,2.26171702937326,0.614816129073431,-1.92681571527801,1.01085451981816,0.468392575119584,-2.92385409798232,-1.01291769998693,4.76208500429424,-1.74396534832182,1.77993534171538,1.73118651066292,1.39563471825651,-1.33141070783173,-0.70425375415248,-0.290365407468988,-1.61653493474106,0.65646036366421,2.21509885354269,-2.37280760328638,-3.23781560903941,-0.951814408215146,4.50389144433546,2.50842536047913,-0.654354032884489,2.46408235128083,-1.24544457134592,2.48738393353154,-0.153205514315689,1.60409961082757,1.46074274025474,1.73243229714178,0.0746481178040354,0.747861988142161
-1.85748952313946,0.985620938011062,-1.71920632905575,-2.36752027974674,1.00947659290657,2.17726681514128,1.23295667106931,2.78147545011817,0.217479754781575,1.56787535294081,-0.19915753466948,2.22908440422724,-0.102247546956838,0.661514273857783,2.49700186760538,-2.22711449504644,0.195577215306718,1.17107258332912,-2.95238588760157,-2.32222120431142,1.02697248941548,-1.7825417975759,1.32748406377094,0.498695307659713,1.96145467483589,-2.06857285560818,0.103519437106082,-1.1824391808813,-1.57680309597827,0.918511967527979,1.39023163873041,-2.25379149839484,-2.94555703682767,-2.23024215030776,2.23773613936607,0.435773978328446,-0.361006100577787,1.2538379926455,-1.7767637180493,1.0781646372057,-1.65225965924649,3.42931011673777,1.3425483091509,2.66597802278945,0.28180046565046,0.570331088463943
-0.840638869283981,1.15936690502094,-0.569686544127361,-0.187173108903783,0.487654889177371,-0.557964935826808,-1.01114506412694,1.82338254990685,1.51818468668294,2.40313450978977,-0.670161994193351,1.52338675978916,0.10394137313295,-0.051206872310005,1.3436278561484,0.187334330300679,0.582847804182641,1.72689491889456,-1.87755307708501,-0.654828720048672,-1.36829159851821,-1.11914131283863,-1.9503850042196,-3.3384653063484,-0.918370696792657,-2.05894165068344,0.580124706955082,-0.908624699407734,-2.46861611425897,1.41901679979854,2.01719648536761,-0.230225801891448,-0.320634381812249,-0.947106978810625,5.01246360139075,-0.53922052971838,-0.505839436489206,2.56270985660127,-1.61342068102377,0.208629036614865,0.389551976107812,1.87757496760461,0.881267264661709,2.16281143703024,-0.513936811759728,0.531802132442454
-1.08739757833706,1.09170169591683,-2.60685696772736,-4.8759522776465,1.8239680063503,3.69928654787582,3.14271275605646,1.49389819411921,-0.535070207188631,0.935730452020284,1.9516092166694,2.7689314761117,1.14208635269335,2.99239909400843,1.27694762292341,-2.93964320416196,2.03647678365177,0.714829933915477,-1.8275265675701,-2.34440607962197,4.2855876760463,-0.997790763901396,2.2348512003089,3.17215471298443,2.1941632288165,-0.237634521087668,0.29164432342372,-0.362448513939278,-1.42248632487644,-0.195356832231735,0.906636011112217,-5.0635865102634,-3.87826337904658,-2.02044703638999,1.57693824955157,2.31762209649956,2.70668485723495,1.15151905709059,-0.666118117647175,2.7782305365932,-1.15492443122296,2.91162569013178,0.811113766506165,3.81493567503582,1.85125229902544,1.93349044279426
-0.829337247115534,0.684386490115181,-0.363690912049217,-3.12872923772125,1.5181363654643,1.55228294704484,1.29007987910077,1.68724193138754,1.34326959635159,1.88726298545946,-0.156317561845953,3.20106948460475,0.612001802946834,2.20626286962846,2.59270467519898,-4.10467876921486,1.12247527528384,1.83817163424956,-1.75715312663823,0.108235692112403,3.33399353079619,-1.01254279449549,1.35035390551617,1.87418286657132,0.795940285833794,-1.18310405987907,0.979138725725871,-1.66148194216877,-1.12742512689491,1.90872301089969,1.14747735272017,-4.07816611520644,-2.9962941988996,-1.91723502820659,1.66171124814499,2.37573985752715,-0.517589447787261,1.64235571516159,-1.49400405954445,2.97081006786358,0.327660102123212,2.56252904745767,0.672960540922647,3.69161327261901,0.304061433760404,1.93014459165261
-1.0860692462424,1.19451324855428,-1.65413299287021,-2.05465601211213,1.22440286170646,2.35577867991551,1.61855313354242,2.39269223115225,1.62991867230655,2.02220723791076,0.648910709489813,2.74507960835761,0.752934241848264,1.1723591780519,1.36779011122806,-2.51722663590996,1.56966722870143,-0.0831578006839001,-1.44179201136037,-0.571436480262318,0.637396217575247,-0.981547375963867,1.40931783767433,0.654437992820678,2.41394626611277,-0.293586641613926,-0.256336156626522,-0.34429241220615,-1.41893189514766,0.117268725751423,1.12815831521831,-2.52444301237627,-1.85782042268812,-1.81259087007514,5.00758325817329,0.077849072917227,1.19475581492415,2.72301077474956,-0.734349388360066,1.93478218139737,0.0391810704388644,2.25068334006848,0.877686490755329,2.45665261378409,1.09118893733907,3.02119542580181
-1.90915215052258,3.4184822129525,-2.95960780508708,-1.91769840382466,2.18005979922074,2.98995465707107,3.77636708407965,1.97973359483094,1.8248513389579,2.73662929359626,2.04235386456024,0.947982379911119,2.80425612194205,1.36211096127497,0.522606098538216,-0.707426087310382,2.60582575205166,2.92512872754786,-0.107621378406059,-0.720840676302592,1.50108807770093,-2.03442658363356,0.870383920347105,-0.161850790167351,1.30545541199866,-1.53688747438191,2.22715404830275,-1.37200862094274,-0.978078367838697,2.20264684948712,1.08501435058633,-0.695680238620443,-0.541775639744358,-2.24779589343654,5.23612458716921,1.14913101562483,2.09266485495915,2.33374554837629,-1.7010633639519,1.72627785833928,0.602719340331594,1.58530166419425,4.23980598543211,-0.413061892770737,2.18305272289567,2.12803079701855
-0.863486052519536,2.06778442829133,-1.52494011876881,-1.10320729416089,0.932166316298178,1.46791243010545,1.72195221592215,2.17698802640618,0.373026417000671,1.79726727906786,0.611175404744044,1.78527642866404,1.44354141213667,0.384991906082481,2.42721006285167,-0.903546313889303,1.49087901749272,0.809705568992718,-0.693412356339901,-1.5635616228349,-0.885745018636519,-1.00953720182595,-0.233891734603172,-0.615449823619505,0.317788879132644,-1.73247728704944,1.06757786685409,-0.298740219233362,-2.13007910065,1.35228498241839,0.183658470934444,-0.666415542571809,-0.757179393130604,-1.79704052577139,4.48281634857392,-0.1943495204861,0.717895174114603,2.0688802091219,-1.34338837758934,-0.329559934715903,-0.911676893980453,1.94734385646546,1.74946464184731,0.338427565602145,0.996309127886118,0.750073098906605
-1.69409658509784,2.11422746513251,-1.28374051123567,-1.07342093878336,1.10545225030177,2.50203198737462,0.727134822163905,2.31807574952773,-2.76530766164883,2.83313139762857,0.0118421456601573,-1.25219689187272,-0.473537825478792,1.40124252908955,2.06751961323635,0.5343773999934,0.593648068327861,-0.171786972869442,-0.0122565154265014,-4.85881708040457,2.96601878612721,-2.51372295580607,1.5952979926056,1.37565098803124,0.872286078850687,-1.65259307558831,-1.00580635897181,-0.873093196749453,-0.568838209069017,1.59196498391426,1.74260213733635,0.757847017880014,-1.07409723214644,-1.29845778238704,4.98147109832081,1.38310936554709,-0.481540627183184,2.69167089668982,-1.71105382677457,0.112179014625521,-4.11535480484265,3.15414004331579,2.81920246136387,-0.252044652691925,0.196268404509516,2.69246847794334
-1.11623069316689,-0.168423922617767,0.668896541733082,-2.17924930457376,0.513842020647997,2.86633937554912,-0.477128437831002,4.09459996386392,-1.32346932793681,1.09760141199742,-1.47413543369257,1.50554161841376,-1.09323812442617,1.47376152169828,2.40785985047175,-1.69560611212137,-0.985391922893901,-1.14149578829247,-0.741247750481195,-4.52917376609799,3.22874560447693,-1.24174906208524,1.49695940247728,1.82621243790205,2.19346063781284,-1.11251894140418,-1.73962629810415,-0.164166009075255,-2.68653128587776,1.40605210815526,1.08083335072342,-1.50491478586137,-1.87176771892873,-1.71087258642038,1.27992397924044,0.433498982271767,-2.39881174804721,1.29375797878343,-1.00691953844868,0.12283507103128,-3.16146250477555,2.147281909627,-0.449292148048751,2.32740175002477,-1.22617835601924,0.399882740664257
-1.91492398522642,2.12379860083863,-2.25952161051557,-1.83875676175124,0.90669094899303,3.19523029600178,1.99495982015383,0.979405573278422,0.820859147222616,3.05122726923936,0.721341586876419,0.815653129227217,1.90002302272702,1.05730193114251,0.120750465804168,-0.716037794332885,1.56486692520044,1.61439350676977,-2.04160782665751,-0.83392636716476,1.30169664033194,-1.62359098836106,0.5326265022485,-0.597281620139897,1.34465586061086,-2.73788999098071,0.995028006290786,-2.05370299639094,-3.50062770806056,2.32250598946172,2.62359365418532,-0.640501490552825,-1.45634663676437,-0.500388203631961,6.07382879101801,0.771106556249144,1.38751374163868,2.52225881252499,-2.73475942561008,0.924335144255504,-0.155164876312841,2.46432990626387,2.38087510698101,-0.0660967768239126,1.44356194881638,0.490856283154599
1.43764917607033,0.873554648351837,-0.757964375675418,-2.76650100143771,0.597290863250463,1.66261692586326,0.710799427985857,0.485417031213457,0.5682910347159,2.14415891622886,-0.0793783293358119,1.73869767010221,-0.0114580211731005,1.25483278694877,-0.0566701780783254,-2.23234904650642,0.898361340355699,2.23787485426119,-1.39286763218772,-0.248837033302877,1.15357552357858,1.03052689011105,1.85181347227776,1.38391154683557,2.58547689500875,-2.51326974626868,1.21366147729927,-2.23758572766221,-1.40602895192524,2.80484174076692,2.38076276009232,-2.18990034572322,-2.11894539441873,-0.876031391605032,4.47286936726003,1.49234655991878,-0.184768068302768,1.96483705492829,-2.41264686848162,1.44819051957436,0.236270294145837,0.492884699720054,0.881149729341374,2.5078017954125,0.0698636438826507,1.71796733562577
-0.587990699642651,1.05092479746857,-1.35801884324329,-1.16470225053033,0.471511368335677,2.71233343423458,1.3413397101387,1.24044324829756,-0.402475208665089,1.9941296073987,0.0285145354920541,0.350491935061789,-0.530474919783707,0.904198094841265,0.782360798515332,-1.40355368628328,1.03043988494816,0.284999854701503,-1.90856726670219,-2.89524932514952,-0.386271570136775,-0.44848681089173,0.539095084158463,0.234664292818113,0.668201636170163,-1.90180714048312,-0.392258492977194,-0.540082746263607,-2.77553676665251,0.930726295835641,1.16663074383856,-0.838844482618461,-0.440955963780437,-1.08149243087941,3.81044437600124,0.281907171208197,0.168531276953258,1.57920502446502,-1.67629767456975,0.753196458838116,-2.02534772488556,1.4646321284444,0.734131368391672,0.0324655349783104,0.139678090975215,2.19148605538323
-0.779131717016742,1.05466944735145,-1.40476320484803,-1.66363950677483,0.908463673916387,1.18291642337752,1.39551108003336,1.1010169837638,1.00551781767532,1.70852739240135,1.29406118205756,0.890224083744036,-0.987209090809448,1.47086327328865,0.560971584065189,-0.840988892956354,1.54545380752871,-0.608540565180454,-0.332078977694556,-1.52579120901256,0.860936753456959,-1.1836532632936,1.45833984034216,1.37069982000701,1.86122058944267,-1.20976703730812,-1.44541074977179,-0.255389856093158,0.368530922349455,1.18878999454113,1.21607498317892,-0.83182326819499,-0.619916597642112,-1.4672474974256,2.5927929958865,1.3395931019376,1.42446401151173,2.27143615706486,-1.64375082582002,1.36118975297727,-0.609239684355926,2.7316377021614,0.908944991832726,1.64989565273716,1.05093952385825,4.13340764521821
-0.968896628361917,0.446381506334511,-2.00098784756825,-1.63009650046096,0.481162918854732,1.41949956932442,1.64467430480801,1.49031676168891,-0.297500411835876,1.27143885910239,0.0618850817571819,1.39404238704061,-0.0921540514218551,2.13225625392956,0.68312540631186,-2.36356674025358,0.909644335938835,0.981916899124747,-1.75649679370713,-2.75866212377555,3.99419323068764,-0.70554016188769,4.61740397731455,5.01291511390429,3.92071289480095,-0.640050876661365,-0.311748033317551,-0.875297298959117,0.665342676512528,0.871002540089291,2.12780660714742,-1.1390006634888,-0.84741099573045,-1.23500858599228,1.49219982409784,1.95865394265088,-0.0732207200462371,0.660024527288314,-1.52599723890912,2.24268972267742,-1.70176788617724,2.42083516494138,0.319592543083015,1.84216326923813,0.551430093844947,2.3621055855062
0.414674333824738,2.37314615087915,-2.01209244692358,-0.980461096355177,0.730081107805643,3.09837699846065,2.87984026370852,0.968284990757084,2.13769343818323,3.50616265867837,0.373446126943213,1.01124647919852,1.5819415747906,1.04495715562003,1.2883790914394,-1.1859891793718,1.95154642026163,2.2315953503478,-0.831074245259058,0.414811193635403,1.50601112369218,0.232501475255693,3.33644921277421,2.57147854873959,3.03625778152572,-3.94026102532116,1.10480169383957,-2.46211136572224,0.0185076989844748,3.86132677772453,4.63344434743289,-1.05896679052287,-1.68965819376641,-1.16723459381655,6.84934353057056,0.76418628683288,0.400320385915934,3.44154140548267,-3.86636942652227,1.30964983994889,0.623625660355553,0.527834550724142,2.00607014686429,-0.0622540337321125,1.43433098024413,-1.22483992948236
-1.12955382929856,1.53222349322312,-1.27384374712385,-2.1605061298965,0.940142250052936,3.28381924931405,1.9915430923434,1.88934104713644,-2.70990716670014,0.791383011054411,-0.107392579959609,0.0763108340583969,1.57011514060609,1.9811258739617,1.58333849176925,-1.40251867853612,1.22648191133667,1.9601181161758,-1.19309827948894,-5.96414139474904,3.55318600591799,-1.19320303518067,-0.19638355747499,-0.0174273114979668,-0.610758859561091,-0.222989706437901,1.59150967098997,-0.279053188588257,-2.26724034041904,1.34194289399306,0.133508160030941,-1.51274801918077,-0.272645011831694,-1.63854763123338,1.9179879318866,0.82571288661059,-0.10852741424279,1.15447822075217,-0.549158366921033,0.83130933928093,-4.5160373068428,1.1127681383233,1.21946178156121,1.83218987807259,0.965342983536668,0.767763649125603
-2.76326422271722,2.8100951895055,-2.56461433475375,-1.69841266394476,1.80067345757911,1.17120117930547,1.19358449246683,1.52910803352206,-2.04255018875814,2.70370514487143,1.40547280676025,0.712031345417518,1.41182874228144,0.353464079319095,2.69433876067291,-1.34575950774092,1.49436715257287,2.15835833649124,-1.30753358622582,-3.29976988442823,-1.01137444374478,-2.89348728810117,1.18443955024098,-0.178683173237947,1.0717209122806,-2.66782770635979,0.999364512089342,-2.231858149724,-2.68397750169743,2.41744289849427,2.89084500130537,-0.903598704775855,-0.748703568463916,-1.7325206851314,3.32218660501683,-1.03809396840418,0.666018581896734,1.71951722060676,-2.75044840297475,0.579856401840856,-2.72439017476552,1.84002732747242,3.06155415674657,0.110314638187954,0.969217206345552,-1.20711467208774
-1.21105514119093,3.58229769026346,-1.98207895796813,-1.75865164601102,1.73703728261286,2.60289647769518,2.62319698465634,2.93972778792947,1.02106104867959,2.84130142218814,0.726558274828962,0.435927776594697,1.93030414243384,1.13759833834726,2.00103411619997,-1.69761143173087,1.23334154523544,2.39058566200078,-1.25661210174018,-1.49768762634914,0.410345447244412,-0.995694320736949,3.77716212013431,2.83345753452792,3.75380787402187,-2.25561464147189,2.10732463532358,-1.91660120852242,-0.884571033754202,1.59931935608806,2.61328411661009,-0.743093220844698,-0.302148372950989,-1.81255547604741,3.47314336612507,0.766034848535522,1.13428336702444,2.67715458015228,-2.09917245636356,0.488696839218811,-0.908591410212133,2.40940454951209,3.48711499459173,0.479762022421897,1.09232323723993,1.99126532761216
-0.68804097196412,1.25702610480583,-1.16103728366887,-2.46046655360166,0.735714279835877,2.7150952078504,0.647340447011956,1.85010908439823,-0.905925051800361,2.37882264912503,-0.625113357830503,2.44669124470119,-0.476786768050259,1.10647575986684,1.38749713393157,-1.79520257629246,0.462920514102852,1.53169117375833,-3.48915240134119,-2.15001340627878,2.45412760954097,-0.771707853500574,1.10390663206037,0.322932690009676,1.96639610008438,-1.38638754657604,0.334763158490184,-0.872068994624167,-1.27925029918711,1.51736025051646,1.80130968310243,-1.57096341294312,-1.57863767462609,-1.17868517864664,3.67152133248896,0.898900850546369,-0.708221556666828,2.30559053540165,-1.15019651131138,0.849539116902277,-1.55771448106401,1.96296843830693,1.30045749704644,0.654542096595248,0.0330028866972737,1.0506526882268
-0.811266393633222,1.94627045896935,-1.48050223972069,-1.70669188211721,1.06249399784041,4.59760976537766,2.77914451241384,0.238125515149124,0.429413945613281,2.61617884510652,1.21011825735214,1.06881089527918,1.69852214388078,0.920023118601981,-0.396206683819124,-1.55902424036153,0.587129015249825,1.6982380575648,-0.95109373747067,-1.49935620416039,0.273804349938091,-0.913083973026118,-0.755431524817807,-1.99736243151874,0.248617663014092,-0.997173425048263,1.74661749828229,-0.382114314140665,-3.70971725280166,1.57866504073114,1.53772934032032,-1.35281587601414,-1.25013525872078,-0.886443548988298,4.51530426790404,0.751694715411729,1.81633650233143,2.70966767567232,-1.0084922299507,0.47236088275804,-1.15064192978426,1.21323447730293,1.53368982836311,1.66748271972205,1.05076709385304,-0.120614503335092
-1.05013174128618,0.649398538698489,-2.22083074012539,-2.27378795095276,0.582195970414953,0.0146538889751037,2.27949312511629,1.0410602827514,0.213223505197976,1.60177731664571,-0.0037783018899919,3.14641435774829,1.34817892453835,3.11831491469996,2.96096275558272,-3.63672651571204,1.94766773062534,1.26137713495395,-2.52816413458559,-0.674248534852245,4.46626307810928,-1.08116055886368,0.699155406330219,1.58392566932791,0.478982859549056,-1.21710774447433,0.511853577252744,-1.14604294622032,-2.09911756810997,0.693261584911793,0.549511187257773,-3.15208762491019,-2.7043638357843,-1.78279315817986,1.92049820704781,2.34526104682109,-0.0748941565920003,1.59006132081131,-0.661027016071095,2.41622447163499,-0.516451795255101,2.44585697197163,0.624954678244506,2.90889369142869,1.46689073199597,2.07901189602487
0.245145155274713,1.46104953020068,-0.960524609698515,-0.409232550480944,1.27816000938561,0.139419062778967,1.62946580385795,1.59233532642405,0.428009601005753,2.60506745102546,0.301977283039994,0.198672702778665,-0.40267165790951,1.1674763561079,1.94601382662099,-0.66883333872998,0.621310847327715,-0.356121708400023,-1.28565396593009,-1.2873027114099,1.75995785534927,-0.598678724493071,1.83595087120987,0.804325537457416,2.6573817572015,-2.20822053069934,-1.02703900366155,-0.52433643581101,-2.36565456298217,1.6296440478874,2.90432501201159,-0.642823112752264,-0.885841074007124,-1.64624759742875,6.06647018659615,0.477076105287094,0.187026524926191,2.86560376292138,-2.48894357935798,0.84378192442327,-0.749332872863362,2.43793051245125,1.50833429974977,0.528224206706559,0.0986296006301784,3.11457102647911
1.41945319757382,-0.181249473906691,-1.78765729359149,-3.99133255374548,0.733932094572626,1.40896632319658,2.95207704179037,0.381543124204866,-1.86514520190057,0.926946023073036,2.351920205714,2.85562363262347,0.627201281407009,2.51206924579242,-0.936827959170755,-2.969978011236,1.73579304326179,1.36363569629473,-2.52361570814316,-3.08904534758245,3.96493116641003,1.28075190966491,0.732582847235141,1.36453992753847,0.4589553034218,-1.01804786073811,0.719007605116126,-0.674379887480026,-1.1304111989301,1.2256469479228,1.15816173171702,-4.18788347033589,-3.35609605640049,-1.55823303557983,0.353480579386179,3.04119006773959,2.73285669664707,2.17234375353236,-1.11995683968575,2.64564809983596,-2.4531323318832,0.267208411266206,-0.856332258795685,3.51051755717599,1.20551252654016,3.24983238595555
0.412024561927265,-0.281685197646853,0.323112666977982,-0.328947132137933,-0.166508717337019,2.76562602009238,-0.304999480809623,-1.73455114192925,0.0264758008352213,4.59948865089835,-0.961371330879228,2.0462786182859,-1.71842883892219,1.4158749960723,-1.24488839529227,-0.954191568709388,-0.650082923702206,-0.703262687659431,-1.75213635145316,-1.14211979947959,1.48928739711264,0.540256891157591,0.549410624051731,-0.0821462009557011,0.551518835324358,-3.28916773071199,-1.09815405372067,-3.10079779710498,-0.302873814851869,3.86433875374867,5.23219762989447,-1.41194517284648,-1.45540934524723,-0.206712354209707,7.78851760791428,2.24406306563974,-0.745610397696118,3.53140678027006,-3.77144959971188,1.43293428890373,-0.233670594602258,1.08114086764321,-0.765504965317477,-0.635264365636879,-1.49362331522233,3.35659245926288
-0.708689476459717,1.21900819660117,-1.75802279192986,-1.54003438320426,1.36267252765862,2.4789504775039,2.54091911101121,1.64411408069277,0.532242663408743,2.71279442402601,0.537150661365052,1.93841877022518,0.419498478367098,2.40590046241749,0.555618205265185,-1.30865357378579,1.00971530230985,0.00148182970512712,-1.7445887963581,-0.956842508320037,2.95726136562808,-0.678145380864759,0.0347281654649488,-0.0771057748758366,-0.31525807899351,-2.85931523593407,0.0150365136200768,-2.31310026761794,-2.90573760517721,3.03275168946414,3.28507899951927,-1.57608226875326,-1.56847817192506,-1.41323164414238,3.05407310839038,2.62875407345034,0.412513323118453,3.49393418402548,-2.86935984301135,1.89478215253898,-0.384947809468736,0.883671741254733,1.43847701758789,0.234273503864561,0.794990549732881,1.42324631312034
-1.21480087901715,2.11461628298254,-1.16493739627832,-1.83555113432796,0.963367868965189,2.21083475094533,0.755895348177807,2.997836036468,-0.236120805063899,2.98800706642741,0.0887774766976229,2.34525851276237,-1.13129331104354,1.31077475473673,1.75458491614946,-0.358447531929548,-0.112168861262569,-0.277790814149348,-3.10082672888295,-3.22341431205383,0.830329475989776,-1.63813874923629,1.760367874993,1.63586564305817,2.20698739532175,-2.98693648190987,-1.45086166183098,-0.907045778619621,-1.84242913892899,1.90259732734595,2.69941325709903,-1.39767781983489,-2.26644881474863,-1.20605309863606,4.20535837975874,1.28850084947133,-0.342734416586625,3.49789887382376,-2.46553224497542,1.53845484792505,-2.14723114193499,2.13738378657228,1.93834737062491,0.400944234553657,-0.397064766174378,1.11375320481931
0.850326888501323,-0.29620224701735,-0.637609198196728,-3.59551707845353,0.921631200208519,2.72831610055354,0.521196394540791,1.97400903513554,-0.71491866685568,1.38188158198917,-0.855095731314031,3.88205307584343,0.944411909068888,2.66723262501943,2.57584100124245,-3.90483829338746,1.09904972505757,1.89528348889797,-1.83170295819936,-2.40387724511883,4.49523491073902,0.7834990059014,2.3068071169294,3.73650133399951,1.66636238175963,-2.43514582917796,0.769482081839747,-1.17297933539187,-1.12308572240149,1.63979321305008,1.40831435513132,-4.13676086214434,-3.31023188868994,-1.46875289179772,2.15370239396561,1.77584514431674,-0.649444490987832,0.617910656942653,-2.01162225342359,2.24977937355626,-1.68031090606901,3.21113176017226,-0.702835890476605,2.19185640064443,0.103913354271009,2.93033971287963
-1.00982291759726,1.38949834497872,-1.82154024284793,-1.18829791726617,1.30629474307552,0.565998537762514,1.24565248958872,3.33323932982084,1.47261551323259,3.01847880863861,1.1544928211679,1.55811010519839,-0.881717405624453,0.704155788122223,2.23528656537851,-1.45193318964078,1.32985973882093,0.394397888005953,-1.7867675783691,-0.996117339341978,0.637554844494558,-1.35142534356257,0.666514234444702,0.580213271090463,1.28017436227022,-2.29317504961796,-0.22528715334413,-2.13392811850043,-3.54297506716442,2.61677949607912,2.69197388858984,-1.35345631878876,-2.06331886641676,-2.13536350199854,4.67918437437437,-0.0363269710854066,0.409676774063511,3.29798256404765,-2.30561770114599,1.35262871105771,-0.506459593407438,2.33368511796161,1.67252006883957,0.47294177763762,0.576395979267721,3.47466431169894
-0.205211456630206,-0.307771562468403,-0.19982893926801,-1.29257170644523,0.515713946368937,0.666265134005588,0.31070183807156,1.2348341675197,-0.865053733463622,2.02976335530071,-0.314655447814472,2.21188722920997,-0.79573794756396,0.893711998632408,2.34959954950114,-2.66317222788287,0.645745343005321,-0.019079181337009,-0.457980018342233,-1.66004272742967,0.616069450414511,-0.549422610860322,2.5027918832782,2.49690018238461,0.916068244729426,-1.99214735865001,-0.668651914301609,-0.782962580245912,-1.94312562341381,1.77679272168804,3.05442860971859,-2.64603943917312,-4.01063556040752,-1.17374051293306,2.48347577862579,0.099092259099244,-0.932354762462266,1.80614800856597,-1.71638135339334,0.745315255589809,-1.42530185080343,1.47979985130415,-0.660785351658612,2.61473916850884,-0.251904786412171,-1.24953022657775
-3.0073243505238,3.73357216600169,-4.04588342959707,-1.79744685139068,2.35322822386989,1.21541983816157,4.90534240847343,3.362206866419,-0.532162984962549,2.65045331279937,3.43085700773161,2.04427717619713,3.38034017453398,0.988437331826483,2.86138466684692,-1.68687397378486,3.751713732737,3.40202555314684,-1.02127496121434,-2.00228885222864,1.24462987142851,-2.96293259002272,4.03927644671725,3.40015923201683,3.58575447150324,-1.544451798089,2.96052374103691,-0.538236534728607,-0.167885779545075,0.94686433638821,2.09003884018179,-1.15017395264249,-0.574334289251173,-2.8424055433039,3.51345979226345,0.0621666459048359,4.07529601557041,3.1523749500964,-1.41048343916796,1.46862672540427,-1.15990843090991,3.37098789069856,4.49267011656513,0.00134773506833241,3.4620028204759,-0.92070382835042
-0.725511798587155,1.14141910071285,-0.427353229269359,-1.5441031929681,0.215305848674151,1.72693413752678,1.26555672536581,1.66164484661665,-0.381468402086805,1.66696848591408,-0.337142750423737,-2.08421653303515,-1.27774022413491,0.607872373378791,0.545794492452558,-1.48767553160138,0.118610040118132,0.270328091467104,0.583054618127023,-2.0465683624894,-0.469023659850576,-0.679526814355002,-0.84665514737034,-0.82404558717342,-1.38277507466699,-1.15641046607402,-0.754025428951735,-0.193824627940386,-2.55596067163856,1.03029157956608,3.2982686564736,-0.106969498909778,-1.32963507318084,-0.533556348471517,1.38548120151571,0.326575902821527,-0.0741938414947487,2.03538302125323,-1.05891592587832,0.382963843747857,-1.79280917040139,1.19861274907168,1.03815293913286,1.16621688886134,-0.0127224091920212,2.06207522936916
-0.878364896716272,1.86889150191877,-1.57768716196137,-1.99010584647113,1.18397578063636,-1.24976575716165,1.06713357270898,3.36700125847342,0.459555106278672,0.360441006548086,-0.20835857646614,2.27192000227259,-0.304377635435427,0.288954901452261,2.71165573654984,-2.40877366657524,0.451538475403011,1.50997042882499,-1.84883116824096,-1.90745329395409,0.415714011428314,-1.39711368026508,-0.249799436629513,-0.386295997659451,-1.24156938290231,-1.26738283635681,1.1749651429019,-0.687856823590377,-2.9869083586781,0.125958881835523,0.368575750593583,-1.16968919370097,-0.930058630439883,-1.71411355473981,0.22170671388901,-0.145089550292205,-0.159628853814225,0.416551179117088,-1.23238840593734,0.412029836668728,-0.835271249604551,3.53578471207279,1.30283251734486,1.88344054017814,0.253216661492146,1.08141454006947
-1.94631535971138,1.75815374404431,-1.58720940018122,-2.32117077578088,1.79758512922493,1.77334490584191,2.51228483006611,1.1103238061356,-0.490736522919267,1.21774615391586,1.29347523254193,1.0685516232687,0.996824290626622,1.01321041420583,0.507045380319663,-1.03764977926193,1.26316685114214,2.44546794227069,-1.66089697915818,-2.8233116902244,1.67292759272322,-1.68373108193379,2.45840473466466,2.20591139130966,2.66568927681327,-0.342083208394477,1.79533786068863,0.480547887010054,-0.731699355888525,0.290157394998971,0.713153142156529,-2.3230915425365,-0.744912615943129,-1.91384631272461,1.06992368569521,0.913952327889277,1.78587677989795,1.96718315802853,0.00982774633240635,1.6892970231532,-1.69263454979579,1.74695763426301,1.81909418847319,1.97551779603948,1.29032798268333,2.00689685461923
-0.43383682514457,1.04782018931777,-1.02714067110741,-0.487951212439612,0.393945697044427,2.24619974700454,0.551325184636735,2.2842505434364,2.04246467898618,4.55646214517756,-0.245823763447341,-1.2405786043701,-0.648849318506632,1.07942202947002,-0.109485636708209,-1.22477608317944,0.208403769250725,0.628616561380201,-1.95579489109406,0.957622714835091,0.566912000658309,-0.982561917438482,2.56845356644634,1.73742889249817,3.96108223164432,-3.77243222311512,-0.800131380860749,-2.98106971489054,-2.21582185971984,3.95182581084035,4.52886241868655,0.161628026013225,-0.175676013190759,-0.587871072007484,8.69298519301016,0.559600949485729,-0.669576295674526,4.03871180758975,-3.61024172507723,0.661608401821782,1.07677838400475,1.57027219407528,0.582409403185017,-0.283057000509488,-0.740033712970168,-0.613416275796721
-0.586683973975854,0.623642426489918,-0.701213465191564,-2.75059164151633,0.306474744519712,2.18784581282638,1.52730992659394,1.70752313502195,-2.85072135871049,1.14511788219619,-0.623006720632879,1.84275649023064,0.449956011154911,2.30461290045028,0.576270136841384,-2.54836412313184,1.30392727765984,0.706050098723448,-1.21363330642261,-4.81727937731164,3.24577837861809,-0.707992284644993,-2.24751160658949,-2.34017318916658,-2.04063370927662,-1.14966359278307,0.27419520718877,-0.574842271894029,-1.96814644613999,1.03320643069264,1.20777953567352,-2.32476286237802,-1.06918000853739,-0.617523146786941,1.98824626958034,1.93279477985317,-1.1669037442606,0.815648926782071,-1.29264267873966,1.65466834623562,-3.78811221641031,2.26605638505585,-0.229319104043549,2.59804201654328,0.197476551398162,1.65632498680148
-2.38232381948557,1.63358023694404,-1.95232876752772,-1.78120859337663,1.33776133290253,1.10531902993101,1.89735845247537,3.09746974619111,-2.35338914892149,3.27360004501097,0.0549039804865779,-0.371742483704563,0.97181533457183,1.71297325074977,2.84380621474619,-0.308165619681226,1.60340491467929,1.29988547593413,-0.579096043629331,-5.69446970178121,2.56709057394488,-2.26701360143585,2.83959692867286,2.24017493070288,2.89263699672621,-2.09278072699443,0.782847243319583,-0.483493662885585,-0.232340605315827,1.76882657748817,2.44441277455569,-0.345658296375441,-1.25237316893491,-1.97780482153843,5.20393137163465,0.907153386099315,0.10895495649877,2.27488378004849,-2.22175434068241,1.47553269796556,-4.2786303614217,4.10144642097393,2.37474921827574,0.389209184138824,0.695491701563836,3.65977792944238
