Pollution,Smoker,Cancer,Xray,Dyspnoea
high,False,False,positive,False
low,False,False,negative,False
low,False,False,negative,False
low,False,False,negative,False
low,False,False,negative,False
low,False,False,negative,True
low,True,False,negative,False
low,True,True,positive,False
low,False,False,negative,True
low,True,False,negative,True
low,True,False,negative,False
low,False,False,negative,True
low,False,False,positive,False
low,False,False,negative,True
low,False,False,positive,True
low,False,False,negative,False
low,False,False,negative,False
low,False,False,negative,False
low,False,False,negative,False
low,False,False,negative,False
Pollution,Smoker,Cancer,Xray,Dyspnoea
low,False,False,negative,True
low,False,False,negative,True
low,False,False,negative,False
low,True,False,negative,False
low,False,False,negative,False
low,False,False,negative,False
low,False,False,negative,False
low,False,False,negative,False
low,True,False,negative,False
low,False,False,negative,False
low,False,False,negative,True
low,False,False,negative,True
high,False,False,negative,True
low,True,False,negative,False
low,False,False,negative,False
high,False,False,negative,False
low,True,False,negative,False
low,True,False,positive,True
low,True,False,negative,False
low,False,False,positive,True
