asia,tub,smoke,lung,bronc,either,xray,dysp
no,no,no,no,yes,no,no,yes
no,no,no,no,no,no,no,no
no,no,yes,no,yes,no,no,yes
no,no,no,no,yes,no,no,yes
no,no,no,no,no,no,no,no
no,no,yes,no,no,no,no,no
no,no,no,no,yes,no,no,yes
no,no,no,no,no,no,no,no
no,no,yes,no,no,no,no,no
no,no,yes,no,yes,no,no,yes
no,no,no,no,no,no,no,no
no,no,yes,no,no,no,no,no
no,no,no,no,yes,no,no,yes
no,no,no,no,no,no,no,no
no,no,no,no,no,no,no,no
no,no,yes,no,yes,no,no,yes
no,no,yes,no,no,no,no,no
no,no,yes,no,yes,no,no,yes
no,no,no,no,no,no,yes,no
no,no,no,no,yes,no,no,yes
